year_month,land_avg_temp,land_max_temp,land_min_temp,land_ocean_avg_temp,north_min_temp_anomoly,north_max_temp_anomoly,north_mean_temp_anomoly,global_avg_co2,seaice_extent
1900-01,1.461,7.193,-4.102,13.142,-1.518,-1.265,-1.211,,
1900-02,3.098,9.181,-2.814,13.777,-0.312,-0.007,-0.054,,
1900-03,5.492,11.377,-0.68,14.4,-0.036,0.353,0.407,,
1900-04,8.223,13.972,2.131,15.17,-0.531,-0.343,-0.077,,
1900-05,11.385,17.415,5.179,15.955,-0.233,0.416,0.375,,
1900-06,13.293,19.434,7.112,16.515,-0.516,0.293,0.011,,
1900-07,14.171,19.897,8.095,16.785,-0.577,-0.189,-0.092,,
1900-08,13.816,19.85,7.892,16.699,-0.204,0.274,0.038,,
1900-09,11.955,17.818,5.967,16.124,-0.308,-0.129,-0.011,,
1900-10,9.666,15.544,3.833,15.373,0.215,0.379,0.439,,
1900-11,5.804,11.527,0.121,14.189,-0.511,-0.28,-0.327,,
1900-12,3.655,9.466,-1.826,13.598,-0.27,0.038,0.06,,
1901-01,2.191,7.996,-3.491,13.29,-0.787,-0.435,-0.411,,
1901-02,3.092,9.038,-2.678,13.66,-0.08,0.232,0.145,,
1901-03,5.671,11.476,-0.644,14.383,0.149,0.483,0.71,,
1901-04,8.522,14.733,2.264,15.22,-0.208,0.616,0.469,,
1901-05,11.178,17.315,4.855,15.936,-0.617,0.229,0.043,,
1901-06,13.423,19.315,7.151,16.441,-0.411,0.167,0.137,,
1901-07,14.339,20.34,8.161,16.718,-0.354,0.398,0.185,,
1901-08,13.789,19.898,7.66,16.663,-0.318,0.423,0.099,,
1901-09,11.984,17.929,5.819,16.001,-0.572,-0.036,-0.141,,
1901-10,9.003,15.002,2.998,15.087,-0.663,-0.109,-0.351,,
1901-11,5.976,12.043,0.071,14.101,-0.528,0.347,-0.064,,
1901-12,3.335,9.061,-2.28,13.38,-0.853,-0.306,-0.342,,
1902-01,2.684,8.797,-3.031,13.302,-0.272,0.738,0.253,,
1902-02,3.606,9.814,-2.504,13.691,0.135,1.039,0.748,,
1902-03,4.883,11.166,-1.339,14.1,-0.746,-0.114,-0.278,,
1902-04,7.956,13.884,1.562,14.958,-1.067,-0.661,-0.448,,
1902-05,10.893,16.986,4.587,15.719,-0.805,-0.255,-0.437,,
1902-06,13.214,19.338,6.894,16.284,-0.746,-0.072,-0.197,,
1902-07,14.231,20.2,7.965,16.69,-0.675,-0.089,-0.112,,
1902-08,13.599,19.884,7.449,16.591,-0.666,0.352,-0.072,,
1902-09,11.799,17.897,5.555,16.032,-0.758,-0.022,-0.287,,
1902-10,8.801,14.811,2.759,14.991,-0.865,-0.258,-0.539,,
1902-11,5.274,11.159,-0.46,13.902,-1.14,-0.511,-0.912,,
1902-12,2.713,8.435,-2.992,13.24,-1.558,-0.933,-1.149,,
1903-01,2.514,8.415,-3.187,13.275,-0.319,0.171,0.02,,
1903-02,3.555,9.297,-2.49,13.668,0.102,0.326,0.571,,
1903-03,4.93,10.963,-1.158,14.05,-0.569,-0.309,-0.252,,
1903-04,7.832,13.958,1.698,14.801,-0.94,-0.381,-0.433,,
1903-05,10.794,16.672,4.587,15.645,-0.778,-0.422,-0.355,,
1903-06,12.886,18.897,6.723,16.161,-0.775,-0.495,-0.514,,
1903-07,13.992,19.787,7.87,16.496,-0.762,-0.423,-0.332,,
1903-08,13.412,19.298,7.558,16.304,-0.633,-0.497,-0.433,,
1903-09,11.501,17.356,5.642,15.771,-0.621,-0.493,-0.558,,
1903-10,8.812,14.634,2.895,14.835,-0.754,-0.495,-0.453,,
1903-11,5.516,11.219,-0.051,13.828,-0.631,-0.363,-0.365,,
1903-12,2.898,8.533,-2.687,13.205,-1.015,-0.47,-0.647,,
1904-01,1.637,7.082,-3.86,12.957,-1.054,-1.102,-0.752,,
1904-02,2.297,8.507,-3.583,13.154,-1.048,-0.363,-0.615,,
1904-03,4.506,10.559,-1.575,13.859,-0.858,-0.463,-0.492,,
1904-04,7.684,13.823,1.428,14.755,-1.077,-0.573,-0.629,,
1904-05,10.84,16.922,4.641,15.573,-0.729,-0.129,-0.233,,
1904-06,13.014,19.092,6.778,16.207,-0.79,-0.185,-0.312,,
1904-07,13.836,19.678,7.777,16.525,-0.92,-0.483,-0.533,,
1904-08,13.459,19.525,7.462,16.403,-0.615,-0.02,-0.25,,
1904-09,11.381,17.465,5.361,15.768,-0.967,-0.368,-0.631,,
1904-10,8.833,14.902,3.133,14.947,-0.513,-0.148,-0.402,,
1904-11,6.23,11.997,0.558,14.144,0.181,0.417,0.413,,
1904-12,3.374,9.212,-2.067,13.433,-0.397,-0.052,-0.153,,
1905-01,2.254,8.017,-3.324,13.205,-0.529,-0.368,-0.17,,
1905-02,1.927,7.735,-3.951,13.206,-1.474,-1.506,-1.244,,
1905-03,4.635,10.466,-1.308,14.035,-0.629,-0.75,-0.438,,
1905-04,7.755,13.622,1.493,14.857,-1.049,-0.752,-0.608,,
1905-05,10.982,16.946,4.819,15.788,-0.51,-0.268,-0.234,,
1905-06,13.112,19.11,6.944,16.379,-0.561,-0.409,-0.275,,
1905-07,14.077,19.877,8.038,16.651,-0.531,-0.273,-0.113,,
1905-08,13.578,19.619,7.72,16.558,-0.37,-0.106,-0.129,,
1905-09,11.804,17.684,5.928,16.004,-0.304,-0.262,-0.175,,
1905-10,9.041,14.866,3.117,15.091,-0.432,-0.216,-0.326,,
1905-11,6.183,11.984,0.574,14.232,0.264,0.403,0.272,,
1905-12,3.354,9.06,-1.931,13.45,-0.32,-0.254,-0.314,,
1906-01,2.068,8.086,-3.637,13.25,-1.118,-0.397,-0.71,,
1906-02,2.301,8.125,-3.343,13.502,-1.039,-1.201,-0.935,,
1906-03,4.866,11.008,-1.229,14.245,-0.455,-0.14,-0.106,,
1906-04,8.626,14.786,2.422,15.23,0.019,0.395,0.466,,
1906-05,11.24,17.146,4.922,15.769,-0.305,-0.036,0.03,,
1906-06,13.334,19.287,7.275,16.436,-0.224,-0.008,0.107,,
1906-07,14.122,20.058,8.186,16.662,-0.392,-0.062,-0.15,,
1906-08,13.691,19.539,7.843,16.593,-0.262,-0.013,0.001,,
1906-09,11.772,17.522,5.884,15.95,-0.373,-0.211,-0.165,,
1906-10,9.267,14.943,3.479,15.152,-0.08,-0.134,0.031,,
1906-11,5.501,11.17,-0.301,14.054,-0.758,-0.413,-0.482,,
1906-12,3.761,9.258,-1.664,13.54,0.128,0.159,0.268,,
1907-01,1.798,7.903,-3.867,13.108,-1.155,-0.33,-0.8,,
1907-02,2.117,7.993,-3.603,13.257,-1.177,-1.255,-1.04,,
1907-03,4.575,10.61,-1.6,14.15,-0.961,-0.653,-0.533,,
1907-04,7.579,13.401,1.521,14.918,-1.036,-1.046,-0.672,,
1907-05,10.375,16.335,4.084,15.602,-1.297,-0.934,-0.833,,
1907-06,12.729,18.576,6.509,16.253,-1.099,-0.612,-0.624,,
1907-07,13.769,19.626,7.761,16.596,-0.824,-0.482,-0.45,,
1907-08,13.362,19.187,7.465,16.456,-0.524,-0.478,-0.33,,
1907-09,11.665,17.443,5.59,15.902,-0.637,-0.442,-0.32,,
1907-10,9.234,15.079,3.32,15.159,-0.152,0.056,0.03,,
1907-11,5.207,10.71,-0.557,13.872,-1.114,-0.898,-0.826,,
1907-12,2.956,8.831,-2.585,13.225,-1.065,-0.217,-0.702,,
1908-01,2.304,8.118,-3.548,13.16,-0.718,0.018,-0.304,,
1908-02,2.769,8.527,-3.177,13.441,-0.575,-0.371,-0.136,,
1908-03,4.136,10.384,-2.101,13.783,-1.616,-0.761,-1.084,,
1908-04,7.832,13.853,1.735,14.801,-0.77,-0.345,-0.385,,
1908-05,11.141,16.958,4.86,15.757,-0.373,-0.019,0.104,,
1908-06,13.293,19.063,6.902,16.289,-0.445,-0.127,0.044,,
1908-07,14.197,19.748,8.113,16.618,-0.419,-0.285,-0.034,,
1908-08,13.376,19.359,7.499,16.365,-0.602,-0.229,-0.3,,
1908-09,11.977,17.781,5.977,15.93,-0.207,-0.028,0.056,,
1908-10,8.865,14.675,2.948,14.883,-0.653,-0.494,-0.354,,
1908-11,5.272,11.098,-0.576,13.842,-1.211,-0.533,-0.838,,
1908-12,3.071,8.901,-2.535,13.189,-0.97,-0.45,-0.743,,
1909-01,1.395,7.121,-4.298,12.839,-1.582,-1.29,-1.401,,
1909-02,2.706,8.571,-3.447,13.35,-0.718,-0.34,-0.333,,
1909-03,4.589,10.659,-1.677,13.852,-0.945,-0.441,-0.563,,
1909-04,7.534,13.426,1.395,14.719,-1.059,-0.868,-0.749,,
1909-05,10.611,16.668,4.38,15.6,-0.862,-0.374,-0.429,,
1909-06,12.962,18.71,6.766,16.191,-0.788,-0.482,-0.397,,
1909-07,14.06,19.787,8.05,16.437,-0.428,-0.284,-0.143,,
1909-08,13.752,19.625,7.753,16.496,-0.346,0.066,0.005,,
1909-09,11.879,17.891,5.778,15.849,-0.489,0.095,-0.071,,
1909-10,9.192,15.139,3.221,14.941,-0.381,-0.003,-0.106,,
1909-11,6.236,11.959,0.323,13.993,0.074,0.576,0.434,,
1909-12,3.223,8.763,-2.353,13.217,-0.557,-0.544,-0.323,,
1910-01,2.333,8.095,-3.27,13.139,-0.355,-0.197,-0.065,,
1910-02,2.779,8.388,-3.226,13.317,-0.602,-0.712,-0.223,,
1910-03,4.606,10.781,-1.675,13.872,-0.962,-0.194,-0.388,,
1910-04,8.105,14.37,1.704,14.845,-0.777,0.236,-0.131,,
1910-05,11.005,17.03,4.675,15.712,-0.688,-0.011,-0.143,,
1910-06,13.151,19.027,6.871,16.264,-0.678,-0.279,-0.297,,
1910-07,14.279,19.952,8.205,16.543,-0.339,-0.055,0.033,,
1910-08,13.677,19.425,7.606,16.477,-0.463,-0.165,-0.111,,
1910-09,11.733,17.623,5.669,15.875,-0.661,-0.28,-0.371,,
1910-10,9.006,14.905,2.986,15.019,-0.519,0.03,-0.154,,
1910-11,5.318,11.072,-0.654,13.75,-1.144,-0.485,-0.66,,
1910-12,2.684,8.5,-2.999,13.016,-1.234,-0.825,-1.097,,
1911-01,1.66,7.133,-3.969,12.908,-1.092,-1.214,-1.003,,
1911-02,2.453,8.15,-3.664,13.164,-1.166,-0.854,-0.673,,
1911-03,4.347,10.362,-1.743,13.752,-1.078,-0.763,-0.717,,
1911-04,7.99,14.081,1.856,14.716,-0.488,-0.104,-0.13,,
1911-05,10.829,16.71,4.632,15.497,-0.755,-0.28,-0.274,,
1911-06,13.009,19.091,6.778,16.108,-0.606,-0.044,-0.132,,
1911-07,14.082,19.987,8.053,16.431,-0.514,-0.055,-0.155,,
1911-08,13.499,19.396,7.607,16.387,-0.534,-0.152,-0.213,,
1911-09,11.638,17.491,5.723,15.799,-0.564,-0.299,-0.341,,
1911-10,9.263,14.99,3.401,15.063,-0.204,-0.076,-0.009,,
1911-11,5.964,11.652,0.309,14.062,-0.221,-0.018,-0.116,,
1911-12,3.39,8.811,-1.981,13.425,-0.314,-0.569,-0.356,,
1912-01,2.402,7.911,-3.305,13.249,-0.573,-0.387,-0.338,,
1912-02,3.354,9.379,-2.718,13.595,-0.165,0.572,0.165,,
1912-03,4.356,10.725,-1.981,13.995,-1.448,-0.496,-1.062,,
1912-04,8.229,14.069,2.091,15.065,-0.314,-0.224,-0.03,,
1912-05,11.254,17.389,4.992,15.813,-0.336,0.313,0.091,,
1912-06,13.435,19.351,7.166,16.397,-0.263,0.175,0.156,,
1912-07,13.723,19.729,7.916,16.509,-0.709,-0.402,-0.557,,
1912-08,13.053,19.027,7.277,16.309,-0.913,-0.634,-0.815,,
1912-09,11.222,17.435,5.227,15.685,-1.239,-0.649,-1.001,,
1912-10,8.367,14.133,2.497,14.751,-1.334,-1.329,-1.267,,
1912-11,5.521,11.185,-0.291,13.928,-0.794,-0.59,-0.536,,
1912-12,3.069,8.307,-2.459,13.23,-0.829,-1.144,-0.785,,
1913-01,2.083,7.655,-3.657,13.066,-0.77,-0.553,-0.608,,
1913-02,2.376,8.233,-3.485,13.344,-0.886,-0.723,-0.887,,
1913-03,4.517,10.4,-1.597,13.953,-0.926,-0.708,-0.65,,
1913-04,8.023,14.219,1.91,14.957,-0.835,-0.085,-0.401,,
1913-05,10.745,16.815,4.652,15.679,-0.882,-0.358,-0.471,,
1913-06,13.005,19.075,6.667,16.216,-0.869,-0.147,-0.326,,
1913-07,14.137,20.256,7.967,16.552,-0.72,-0.187,-0.309,,
1913-08,13.724,19.805,7.735,16.496,-0.477,-0.012,-0.105,,
1913-09,11.759,17.833,5.629,15.867,-0.675,-0.119,-0.249,,
1913-10,9.077,14.904,3.091,15.028,-0.595,-0.322,-0.348,,
1913-11,6.024,11.67,0.347,14.123,-0.044,0.093,0.064,,
1913-12,4.103,9.556,-1.43,13.624,0.446,0.338,0.567,,
1914-01,3.376,8.822,-2.334,13.545,0.698,0.682,1.033,,
1914-02,3.2,8.502,-2.551,13.576,0.05,-0.594,0.147,,
1914-03,4.942,11.039,-1.31,14.103,-0.778,-0.203,-0.294,,
1914-04,8.098,14.051,1.888,15.018,-0.898,-0.418,-0.354,,
1914-05,11.285,17.199,5.233,15.857,-0.39,0.15,0.113,,
1914-06,13.496,19.335,7.219,16.421,-0.415,-0.017,0.085,,
1914-07,14.298,20.065,8.182,16.653,-0.446,0.005,-0.028,,
1914-08,13.73,19.692,7.87,16.692,-0.39,0.008,-0.108,,
1914-09,11.915,17.747,5.866,16.075,-0.542,-0.22,-0.178,,
1914-10,9.387,15.271,3.567,15.223,-0.096,0.156,0.061,,
1914-11,5.759,11.287,0.239,14.155,-0.357,-0.299,-0.304,,
1914-12,3.6,8.764,-1.624,13.597,-0.07,-0.493,-0.104,,
1915-01,2.299,7.901,-3.416,13.32,-0.605,-0.305,-0.348,,
1915-02,3.265,8.931,-2.52,13.675,0.011,-0.113,0.071,,
1915-03,5.143,11.024,-1.115,14.32,-0.483,-0.213,-0.105,,
1915-04,8.705,14.607,2.755,15.292,0.156,0.277,0.396,,
1915-05,11.493,17.141,5.371,16.067,0.034,0.151,0.325,,
1915-06,13.3,19.189,7.154,16.445,-0.436,-0.096,-0.031,,
1915-07,14.443,20.553,8.455,16.817,-0.276,0.064,-0.021,,
1915-08,13.77,19.997,7.758,16.802,-0.296,0.185,-0.123,,
1915-09,11.867,17.811,6.038,16.102,-0.344,-0.23,-0.333,,
1915-10,8.984,14.862,3.017,15.093,-0.73,-0.286,-0.504,,
1915-11,6.216,12.159,0.297,14.254,-0.158,0.611,0.245,,
1915-12,3.633,9.515,-2.069,13.538,-0.429,0.317,-0.074,,
1916-01,2.616,8.309,-2.927,13.294,0.007,0.028,0.077,,
1916-02,2.957,8.855,-3.024,13.581,-0.362,-0.115,-0.116,,
1916-03,4.846,10.961,-1.584,14.121,-0.747,-0.154,-0.337,,
1916-04,8.047,14.096,1.918,14.975,-0.554,-0.274,-0.223,,
1916-05,10.972,17.084,4.794,15.779,-0.587,-0.142,-0.264,,
1916-06,12.942,18.91,6.867,16.29,-0.797,-0.406,-0.438,,
1916-07,14.052,20.012,8.184,16.599,-0.375,-0.04,-0.157,,
1916-08,13.58,19.484,7.754,16.511,-0.419,-0.136,-0.203,,
1916-09,11.726,17.634,5.725,15.927,-0.684,-0.341,-0.484,,
1916-10,9.053,14.763,3.156,14.919,-0.556,-0.242,-0.336,,
1916-11,5.596,11.22,-0.311,13.814,-0.721,-0.16,-0.295,,
1916-12,2.316,7.838,-3.402,13.006,-1.951,-1.467,-1.558,,
1917-01,2.133,7.848,-3.782,12.84,-0.923,-0.322,-0.443,,
1917-02,2.36,8.334,-3.771,13.099,-1.08,-0.537,-0.698,,
1917-03,4.488,10.552,-1.983,13.801,-1.385,-0.533,-0.752,,
1917-04,7.855,13.932,1.689,14.815,-0.909,-0.297,-0.434,,
1917-05,10.443,16.421,4.305,15.537,-1.106,-0.699,-0.712,,
1917-06,12.915,18.889,6.792,16.239,-0.771,-0.438,-0.442,,
1917-07,14.259,20.083,8.377,16.706,-0.312,-0.09,-0.062,,
1917-08,13.471,19.568,7.545,16.58,-0.464,-0.091,-0.225,,
1917-09,11.745,17.669,5.796,16.058,-0.475,-0.083,-0.234,,
1917-10,8.544,14.426,2.64,14.942,-1.099,-0.606,-0.832,,
1917-11,5.82,11.686,0.057,14.002,-0.352,0.32,-0.011,,
1917-12,2.247,7.703,-3.43,13.098,-1.914,-1.719,-1.647,,
1918-01,1.934,7.552,-3.802,13.129,-1.067,-0.472,-0.577,,
1918-02,2.455,8.256,-3.568,13.312,-0.866,-0.591,-0.503,,
1918-03,4.811,10.704,-1.267,14.034,-0.383,-0.299,-0.135,,
1918-04,7.644,13.706,1.426,14.794,-1.075,-0.607,-0.734,,
1918-05,10.54,16.48,4.386,15.733,-1.129,-0.669,-0.755,,
1918-06,12.908,18.731,6.772,16.306,-0.934,-0.645,-0.533,,
1918-07,14.002,19.916,7.896,16.596,-0.695,-0.139,-0.25,,
1918-08,13.431,19.326,7.492,16.552,-0.66,-0.198,-0.336,,
1918-09,11.881,17.999,5.8,16.074,-0.596,0.217,-0.118,,
1918-10,9.433,15.332,3.578,15.252,-0.052,0.329,0.169,,
1918-11,5.683,11.265,0.142,14.297,-0.427,-0.441,-0.397,,
1918-12,2.848,8.266,-2.627,13.439,-1.159,-1.206,-1.133,,
1919-01,2.184,7.649,-3.396,13.309,-0.587,-0.781,-0.523,,
1919-02,2.852,8.627,-2.996,13.678,-0.576,-0.283,-0.296,,
1919-03,4.743,10.714,-1.547,14.22,-0.893,-0.441,-0.534,,
1919-04,8.487,14.412,2.441,15.253,-0.119,-0.062,0.076,,
1919-05,10.969,16.701,4.881,15.847,-0.679,-0.521,-0.404,,
1919-06,13.228,19.017,7.102,16.375,-0.488,-0.371,-0.236,,
1919-07,14.274,20.146,8.264,16.582,-0.318,0.005,-0.061,,
1919-08,13.786,19.804,7.842,16.498,-0.159,0.287,0.092,,
1919-09,11.99,17.887,6.126,16.025,-0.101,0.05,0.016,,
1919-10,9.361,15.005,3.522,15.117,0.022,-0.028,0.058,,
1919-11,5.489,11.158,-0.431,13.914,-1.003,-0.439,-0.626,,
1919-12,3.224,8.756,-2.395,13.263,-0.844,-0.655,-0.656,,
1920-01,2.841,8.444,-2.942,13.257,0.002,0.302,0.381,,
1920-02,2.755,8.266,-3.109,13.347,-0.521,-0.886,-0.47,,
1920-03,5.227,11.034,-0.782,14.25,0.079,-0.076,0.246,,
1920-04,8.293,14.141,2.164,15.079,-0.237,-0.022,0.081,,
1920-05,11.131,17.145,5.126,15.855,-0.307,0.006,-0.07,,
1920-06,13.105,18.9,7.057,16.415,-0.487,-0.277,-0.247,,
1920-07,14.245,20.121,8.299,16.693,-0.304,0.175,0.044,,
1920-08,13.698,19.647,7.772,16.626,-0.326,0.119,-0.063,,
1920-09,11.794,17.81,5.85,16.117,-0.497,-0.073,-0.274,,
1920-10,9.021,14.852,3.1,15.206,-0.579,-0.197,-0.334,,
1920-11,5.566,11.127,-0.123,14.159,-0.745,-0.659,-0.596,,
1920-12,2.629,8.225,-3.063,13.311,-1.559,-1.229,-1.248,,
1921-01,2.98,8.737,-2.709,13.439,0.375,0.679,0.658,,
1921-02,3.125,9.17,-2.816,13.622,-0.22,0.332,0.139,,
1921-03,5.081,10.928,-0.931,14.128,-0.254,-0.151,-0.049,,
1921-04,8.324,14.327,2.252,15.005,-0.23,0.021,0.07,,
1921-05,11.245,17.255,5.152,15.826,-0.407,0.062,-0.157,,
1921-06,13.44,19.36,7.384,16.49,-0.21,0.093,0.12,,
1921-07,14.436,20.42,8.424,16.783,-0.101,0.453,0.29,,
1921-08,13.561,19.468,7.601,16.618,-0.428,0.045,-0.215,,
1921-09,11.869,17.785,5.996,16.166,-0.378,-0.03,-0.158,,
1921-10,9.264,15.124,3.446,15.285,-0.246,0.113,0.001,,
1921-11,5.864,11.362,0.2,14.236,-0.342,-0.298,-0.13,,
1921-12,3.663,9.157,-1.874,13.627,-0.2,-0.021,0.02,,
1922-01,2.15,7.603,-3.428,13.177,-0.583,-0.809,-0.555,,
1922-02,2.376,8.234,-3.684,13.453,-1.345,-0.955,-0.99,,
1922-03,5.156,11.248,-1.188,14.245,-0.445,0.025,0.016,,
1922-04,8.38,14.521,2.156,15.168,-0.344,0.174,0.034,,
1922-05,11.097,16.912,4.983,15.778,-0.389,-0.177,-0.116,,
1922-06,13.331,19.153,7.266,16.406,-0.272,0.006,0.021,,
1922-07,14.278,20.098,8.241,16.745,-0.289,0.044,-0.017,,
1922-08,13.584,19.475,7.599,16.532,-0.462,-0.13,-0.258,,
1922-09,11.775,17.661,5.754,15.981,-0.6,-0.271,-0.414,,
1922-10,9.056,14.975,3.134,15.043,-0.508,-0.088,-0.244,,
1922-11,6.046,11.615,0.232,14.117,-0.274,0.019,0.02,,
1922-12,3.667,8.968,-1.865,13.503,-0.155,-0.264,0.039,,
1923-01,2.487,8.21,-3.195,13.24,-0.244,0.042,0.01,,
1923-02,2.563,8.298,-3.172,13.358,-0.683,-0.95,-0.772,,
1923-03,4.866,10.786,-1.256,14.049,-0.659,-0.436,-0.451,,
1923-04,7.749,13.64,1.602,14.959,-1.081,-0.85,-0.745,,
1923-05,10.849,16.825,4.79,15.724,-0.631,-0.402,-0.421,,
1923-06,13.296,19.056,7.139,16.452,-0.406,-0.145,-0.163,,
1923-07,13.984,19.81,8.012,16.628,-0.538,-0.217,-0.251,,
1923-08,13.611,19.445,7.645,16.54,-0.348,0.01,-0.134,,
1923-09,11.883,17.783,5.816,15.992,-0.393,-0.016,-0.096,,
1923-10,9.52,15.188,3.523,15.249,0.006,0.212,0.335,,
1923-11,6.378,11.871,0.474,14.404,0.148,0.301,0.487,,
1923-12,3.88,9.269,-1.903,13.739,-0.173,0.184,0.304,,
1924-01,2.339,7.912,-3.502,13.303,-0.55,-0.431,-0.377,,
1924-02,2.888,8.609,-3.025,13.585,-0.256,-0.368,-0.184,,
1924-03,5.352,11.24,-0.806,14.325,0.046,0.185,0.245,,
1924-04,7.97,13.857,1.722,15.081,-0.613,-0.379,-0.284,,
1924-05,11.188,17.185,4.905,15.918,-0.385,0.045,-0.022,,
1924-06,13.342,19.195,7.085,16.461,-0.443,-0.101,-0.136,,
1924-07,14.304,20.057,8.161,16.724,-0.348,-0.098,-0.004,,
1924-08,13.654,19.519,7.585,16.556,-0.304,-0.015,-0.053,,
1924-09,11.957,17.783,6.024,16.003,-0.256,-0.051,-0.049,,
1924-10,9.203,14.896,3.29,15.042,-0.259,-0.102,-0.05,,
1924-11,6.4,11.794,0.656,14.132,0.365,0.286,0.62,,
1924-12,3.485,8.639,-2.021,13.342,-0.31,-0.664,-0.212,,
1925-01,2.268,7.484,-3.179,13.157,-0.221,-0.661,-0.172,,
1925-02,2.701,8.51,-3.314,13.361,-0.772,-0.45,-0.469,,
1925-03,5.126,11.133,-1.14,14.155,-0.471,0.143,-0.034,,
1925-04,8.442,14.538,2.178,15.011,-0.337,0.353,0.094,,
1925-05,11.039,17.032,4.828,15.855,-0.633,-0.025,-0.223,,
1925-06,13.089,19.041,6.883,16.413,-0.585,-0.242,-0.325,,
1925-07,14.066,19.971,8.047,16.74,-0.489,0.038,-0.173,,
1925-08,13.769,19.737,7.724,16.716,-0.342,0.205,-0.047,,
1925-09,11.979,17.874,6.008,16.14,-0.119,0.318,0.126,,
1925-10,9.196,14.889,3.287,15.221,-0.166,-0.149,-0.073,,
1925-11,6.34,11.912,0.646,14.418,0.248,0.384,0.411,,
1925-12,4.398,10.011,-1.47,13.897,0.236,0.918,0.761,,
1926-01,3.453,8.785,-2.222,13.739,0.875,0.765,1.073,,
1926-02,3.717,9.503,-2.307,13.842,0.261,0.414,0.494,,
1926-03,5.831,11.593,-0.234,14.536,0.482,0.572,0.708,,
1926-04,8.193,14.095,2.006,15.214,-0.72,-0.312,-0.265,,
1926-05,10.931,16.688,4.806,15.932,-0.659,-0.366,-0.309,,
1926-06,13.285,19.214,7.079,16.581,-0.596,-0.081,-0.237,,
1926-07,14.168,19.998,8.058,16.766,-0.567,-0.153,-0.155,,
1926-08,13.877,19.695,7.916,16.8,-0.166,0.039,0.03,,
1926-09,12.075,17.816,6.15,16.222,-0.238,-0.069,-0.069,,
1926-10,9.55,15.474,3.601,15.372,-0.023,0.386,0.226,,
1926-11,6.3,11.936,0.618,14.351,0.129,0.227,0.228,,
1926-12,3.366,8.63,-2.248,13.538,-0.712,-0.642,-0.463,,
1927-01,2.372,7.935,-3.512,13.323,-0.743,-0.409,-0.443,,
1927-02,3.039,8.67,-2.866,13.65,-0.224,-0.447,-0.222,,
1927-03,4.668,10.565,-1.495,14.084,-1.119,-0.824,-0.759,,
1927-04,8.035,14.007,1.852,15.045,-0.687,-0.405,-0.315,,
1927-05,11.104,16.998,4.873,15.873,-0.375,-0.132,-0.01,,
1927-06,13.272,19.136,7.106,16.444,-0.494,-0.044,-0.137,,
1927-07,14.323,20.237,8.284,16.812,-0.225,0.208,0.074,,
1927-08,13.698,19.529,7.697,16.742,-0.384,-0.07,-0.119,,
1927-09,12.254,18.109,6.26,16.224,0.005,0.405,0.26,,
1927-10,9.887,15.627,4.02,15.435,0.445,0.704,0.622,,
1927-11,6.346,12.072,0.596,14.342,0.083,0.409,0.223,,
1927-12,3.267,8.689,-2.392,13.493,-0.863,-0.658,-0.694,,
1928-01,3.046,8.291,-2.631,13.637,0.436,0.161,0.499,,
1928-02,3.333,9.04,-2.609,13.722,0.03,0.045,0.229,,
1928-03,4.959,10.892,-1.247,14.229,-0.734,-0.367,-0.386,,
1928-04,8.244,14.193,2.046,15.126,-0.666,-0.273,-0.326,,
1928-05,11.169,17.06,4.981,15.88,-0.369,-0.044,-0.036,,
1928-06,13.113,18.856,7.045,16.355,-0.538,-0.413,-0.37,,
1928-07,14.31,20.005,8.189,16.796,-0.343,-0.086,-0.034,,
1928-08,13.687,19.522,7.798,16.7,-0.299,-0.103,-0.14,,
1928-09,12.03,17.981,6.02,16.066,-0.416,0.044,-0.118,,
1928-10,9.486,15.387,3.549,15.232,-0.12,0.313,0.067,,
1928-11,6.336,11.933,0.629,14.276,0.118,0.236,0.206,,
1928-12,3.873,9.186,-1.751,13.568,-0.074,0.003,0.124,,
1929-01,2.054,7.48,-3.66,13.137,-1.023,-1.023,-0.886,,
1929-02,2.172,7.838,-3.883,13.241,-1.657,-1.526,-1.427,,
1929-03,5.099,10.982,-1.131,14.079,-0.364,0.041,-0.005,,
1929-04,8.094,14.08,1.842,14.987,-0.505,-0.225,-0.275,,
1929-05,10.915,16.906,4.784,15.716,-0.468,-0.174,-0.315,,
1929-06,12.928,18.65,6.908,16.328,-0.668,-0.658,-0.557,,
1929-07,13.957,19.652,8.012,16.59,-0.537,-0.492,-0.423,,
1929-08,13.68,19.548,7.697,16.671,-0.445,0.027,-0.145,,
1929-09,11.807,17.598,5.926,16.092,-0.488,-0.329,-0.318,,
1929-10,9.46,15.217,3.686,15.248,0.066,0.139,0.057,,
1929-11,6.172,11.757,0.377,14.313,-0.151,0.138,-0.006,,
1929-12,2.571,7.769,-2.945,13.207,-1.55,-1.772,-1.494,,
1930-01,2.401,7.67,-3.169,13.26,-0.324,-0.697,-0.374,,
1930-02,3.152,8.9,-2.852,13.54,-0.332,-0.104,-0.126,,
1930-03,5.483,11.539,-0.571,14.326,0.278,0.509,0.417,,
1930-04,8.182,14.017,2.072,15.081,-0.482,-0.23,-0.253,,
1930-05,11.105,16.87,5.016,15.911,-0.424,-0.223,-0.237,,
1930-06,13.347,19.071,7.295,16.473,-0.423,-0.254,-0.231,,
1930-07,14.465,20.252,8.415,16.854,-0.158,0.195,0.123,,
1930-08,13.928,19.803,7.996,16.791,-0.068,0.398,0.178,,
1930-09,11.874,17.754,5.935,16.25,-0.366,-0.135,-0.227,,
1930-10,9.261,14.941,3.587,15.355,-0.064,-0.036,-0.068,,
1930-11,6.574,12.032,0.892,14.505,0.485,0.567,0.609,,
1930-12,3.831,9.066,-1.736,13.724,-0.111,-0.071,0.047,,
1931-01,2.761,8.059,-2.897,13.529,-0.048,-0.142,0.038,,
1931-02,2.708,8.218,-3.123,13.621,-0.713,-1.2,-0.766,,
1931-03,5.22,11.194,-1.006,14.347,-0.402,0.046,0.004,,
1931-04,8.163,14.079,2.025,15.116,-0.523,-0.223,-0.259,,
1931-05,11.02,16.805,4.951,15.872,-0.539,-0.352,-0.351,,
1931-06,13.573,19.419,7.489,16.63,0.052,0.316,0.26,,
1931-07,14.576,20.399,8.665,16.967,0.104,0.361,0.336,,
1931-08,14.12,19.961,8.189,16.887,0.182,0.453,0.391,,
1931-09,12.283,18.078,6.485,16.294,0.335,0.403,0.397,,
1931-10,9.937,15.718,4.073,15.448,0.665,0.888,0.81,,
1931-11,6.243,11.63,0.545,14.317,0.278,0.307,0.431,,
1931-12,4.027,9.477,-1.573,13.711,0.155,0.328,0.314,,
1932-01,3.604,9.159,-2.054,13.687,1.001,1.078,1.082,,
1932-02,2.989,8.797,-3.23,13.658,-0.753,-0.184,-0.289,,
1932-03,4.94,10.934,-1.164,14.252,-0.518,-0.166,-0.368,,
1932-04,8.769,14.644,2.599,15.335,0.15,0.513,0.433,,
1932-05,11.239,16.865,5.225,16.018,-0.249,-0.178,-0.044,,
1932-06,13.383,19.114,7.258,16.504,-0.291,-0.053,-0.016,,
1932-07,14.372,20.093,8.416,16.846,-0.113,0.031,0.086,,
1932-08,13.74,19.5,7.917,16.68,-0.138,0.058,-0.003,,
1932-09,12.31,18.216,6.34,16.263,0.014,0.49,0.325,,
1932-10,9.682,15.424,3.9,15.28,0.226,0.534,0.365,,
1932-11,5.908,11.551,0.014,14.175,-0.697,-0.23,-0.385,,
1932-12,3.527,8.888,-2.071,13.558,-0.517,-0.371,-0.339,,
1933-01,2.169,7.379,-3.453,13.26,-0.762,-1.018,-0.692,,
1933-02,2.657,8.351,-3.318,13.506,-0.871,-0.886,-0.769,,
1933-03,4.869,10.774,-1.27,14.131,-0.729,-0.647,-0.604,,
1933-04,8.125,14.046,2.003,15.043,-0.544,-0.353,-0.399,,
1933-05,11.047,16.845,4.988,15.823,-0.511,-0.368,-0.349,,
1933-06,13.11,19.036,7.001,16.337,-0.668,-0.305,-0.361,,
1933-07,14.236,20.037,8.295,16.704,-0.3,0.117,0.025,,
1933-08,13.76,19.635,7.858,16.701,-0.187,0.218,0.03,,
1933-09,11.854,17.631,6.055,16.024,-0.33,-0.105,-0.213,,
1933-10,9.238,15.172,3.374,15.143,-0.245,0.123,-0.171,,
1933-11,5.89,11.578,0.093,14.131,-0.358,0.191,-0.114,,
1933-12,3.104,8.456,-2.533,13.352,-0.972,-0.736,-0.676,,
1934-01,2.476,7.995,-3.131,13.276,-0.314,-0.274,-0.237,,
1934-02,3.699,9.504,-2.191,13.701,0.711,0.877,0.772,,
1934-03,4.818,10.835,-1.382,14.072,-0.846,-0.367,-0.599,,
1934-04,8.016,13.996,1.853,15.02,-0.72,-0.287,-0.442,,
1934-05,11.478,17.533,5.26,15.951,-0.121,0.405,0.212,,
1934-06,13.402,19.183,7.422,16.578,-0.293,-0.128,-0.115,,
1934-07,14.343,20.14,8.472,16.851,-0.241,0.035,-0.045,,
1934-08,13.778,19.534,8.01,16.74,-0.202,-0.059,-0.12,,
1934-09,11.727,17.505,5.899,16.128,-0.496,-0.36,-0.378,,
1934-10,9.421,15.371,3.629,15.332,0.129,0.445,0.222,,
1934-11,6.397,11.736,0.978,14.412,0.583,0.436,0.527,,
1934-12,3.985,9.279,-1.62,13.673,0.177,0.226,0.334,,
1935-01,2.175,7.737,-3.618,13.299,-0.895,-0.589,-0.67,,
1935-02,4.125,9.944,-1.717,13.857,1.287,1.249,1.258,,
1935-03,5.399,11.343,-0.802,14.269,-0.119,0.298,0.139,,
1935-04,7.771,13.81,1.551,15.013,-0.9,-0.503,-0.695,,
1935-05,10.906,16.88,4.755,15.848,-0.599,-0.426,-0.493,,
1935-06,13.326,19.1,7.193,16.504,-0.385,-0.09,-0.156,,
1935-07,14.331,20.173,8.438,16.848,-0.132,0.208,0.03,,
1935-08,13.775,19.657,7.831,16.715,-0.105,0.232,0.071,,
1935-09,11.999,17.896,6.042,16.143,-0.212,0.252,0.043,,
1935-10,9.516,15.379,3.7,15.311,0.091,0.386,0.156,,
1935-11,5.443,10.849,-0.23,14.069,-0.993,-0.974,-0.885,,
1935-12,3.423,8.675,-2.09,13.55,-0.612,-0.633,-0.519,,
1936-01,2.249,7.806,-3.53,13.26,-0.887,-0.534,-0.599,,
1936-02,2.506,8.253,-3.458,13.533,-1.068,-0.914,-0.955,,
1936-03,5.031,11.032,-1.154,14.206,-0.495,-0.116,-0.327,,
1936-04,8.127,14.082,1.976,15.089,-0.481,-0.172,-0.337,,
1936-05,11.251,17.076,5.23,15.935,-0.332,0.001,-0.077,,
1936-06,13.363,19.171,7.288,16.524,-0.325,0.114,-0.069,,
1936-07,14.629,20.443,8.704,16.928,0.012,0.566,0.287,,
1936-08,13.86,19.691,7.929,16.811,-0.18,0.161,-0.008,,
1936-09,12.021,17.91,6.064,16.191,-0.242,0.144,-0.048,,
1936-10,9.457,15.316,3.658,15.412,-0.099,0.34,0.031,,
1936-11,6.233,11.814,0.407,14.338,-0.139,0.297,0.136,,
1936-12,3.921,9.181,-1.441,13.767,0.222,-0.012,0.159,,
1937-01,2.453,7.879,-3.216,13.417,-0.485,-0.324,-0.261,,
1937-02,3.553,9.237,-2.387,13.904,0.214,0.346,0.418,,
1937-03,4.851,10.731,-1.413,14.276,-0.901,-0.5,-0.554,,
1937-04,8.14,14.025,2.001,15.228,-0.476,-0.218,-0.26,,
1937-05,11.422,17.358,5.169,16.051,-0.179,0.32,0.177,,
1937-06,13.603,19.558,7.454,16.679,-0.082,0.379,0.182,,
1937-07,14.375,20.154,8.41,17.054,-0.108,0.218,0.109,,
1937-08,14.007,19.85,8.145,16.941,0.002,0.286,0.166,,
1937-09,12.413,18.377,6.419,16.402,0.148,0.647,0.443,,
1937-10,9.729,15.635,4.002,15.523,0.482,0.59,0.468,,
1937-11,6.356,11.913,0.612,14.447,0.081,0.259,0.199,,
1937-12,3.478,8.999,-2.196,13.684,-0.662,-0.272,-0.418,,
1938-01,2.91,8.416,-2.597,13.596,0.402,0.247,0.32,,
1938-02,3.417,9.138,-2.518,13.827,0.189,0.254,0.33,,
1938-03,5.651,11.616,-0.431,14.491,0.395,0.525,0.475,,
1938-04,8.913,14.984,2.968,15.363,0.499,0.751,0.63,,
1938-05,11.456,17.429,5.427,16.001,-0.004,0.218,0.118,,
1938-06,13.321,18.989,7.418,16.607,-0.28,-0.193,-0.18,,
1938-07,14.482,20.249,8.612,16.871,-0.046,0.219,0.139,,
1938-08,13.963,19.85,8.097,16.904,0.046,0.378,0.282,,
1938-09,12.427,18.311,6.468,16.367,0.205,0.546,0.454,,
1938-10,9.784,15.734,3.984,15.526,0.352,0.737,0.482,,
1938-11,6.53,12.161,0.969,14.408,0.563,0.685,0.616,,
1938-12,3.51,8.922,-2.001,13.556,-0.521,-0.552,-0.434,,
1939-01,2.932,8.53,-2.771,13.538,0.005,0.326,0.275,,
1939-02,3.232,9.048,-2.535,13.757,0.022,0.167,0.143,,
1939-03,4.926,10.836,-1.1,14.273,-0.493,-0.198,-0.333,,
1939-04,8.328,14.44,2.271,15.296,-0.228,0.308,-0.008,,
1939-05,11.524,17.489,5.362,16.174,-0.19,0.371,0.145,,
1939-06,13.531,19.47,7.51,16.712,-0.139,0.286,0.108,,
1939-07,14.395,20.26,8.617,16.988,-0.04,0.354,0.181,,
1939-08,13.932,19.807,8.011,16.892,-0.131,0.446,0.198,,
1939-09,11.958,17.922,5.907,16.3,-0.316,0.334,0.069,,
1939-10,9.218,14.963,3.479,15.232,-0.188,-0.085,-0.116,,
1939-11,6.189,11.742,0.555,14.379,0.132,0.427,0.296,,
1939-12,4.959,10.629,-0.738,14.087,1.325,1.837,1.598,,
1940-01,2.335,7.942,-3.35,13.576,-0.636,-0.396,-0.433,,
1940-02,3.423,9.25,-2.488,13.932,0.149,0.266,0.289,,
1940-03,5.424,11.402,-0.622,14.48,0.063,0.099,0.13,,
1940-04,8.756,14.793,2.722,15.452,0.282,0.659,0.462,,
1940-05,11.338,17.273,5.202,16.08,-0.216,0.169,0.037,,
1940-06,13.583,19.501,7.532,16.725,-0.158,0.148,0.057,,
1940-07,14.571,20.408,8.51,17.123,-0.096,0.313,0.223,,
1940-08,13.811,19.662,7.937,16.946,-0.222,0.053,-0.011,,
1940-09,12.268,18.186,6.377,16.43,-0.013,0.351,0.234,,
1940-10,9.457,15.273,3.762,15.384,0.074,0.244,0.13,,
1940-11,6.076,11.667,0.52,14.377,0.007,0.084,0.059,,
1940-12,4.134,9.592,-1.418,13.96,0.164,0.371,0.276,,
1941-01,2.735,8.348,-3.01,13.622,-0.168,0.345,0.14,,
1941-02,3.67,9.439,-2.234,13.946,0.415,0.562,0.538,,
1941-03,5.213,11.152,-0.901,14.425,-0.19,0.052,-0.033,,
1941-04,8.575,14.429,2.616,15.407,-0.04,0.121,-0.003,,
1941-05,11.493,17.259,5.582,16.152,0.129,0.087,0.147,,
1941-06,13.63,19.447,7.696,16.753,0.105,0.201,0.171,,
1941-07,14.694,20.578,8.739,17.131,0.083,0.443,0.273,,
1941-08,14.028,19.853,8.134,16.915,0.058,0.293,0.152,,
1941-09,11.816,17.813,5.973,16.19,-0.324,-0.093,-0.198,,
1941-10,9.71,15.504,3.988,15.629,0.334,0.465,0.334,,
1941-11,5.953,11.536,0.265,14.475,-0.399,-0.173,-0.269,,
1941-12,3.707,9.076,-1.87,13.971,-0.388,-0.209,-0.227,,
1942-01,3.103,8.715,-2.609,13.821,0.191,0.54,0.397,,
1942-02,2.857,8.544,-2.883,13.773,-0.484,-0.687,-0.515,,
1942-03,5.308,11.264,-0.771,14.538,-0.209,0.068,-0.012,,
1942-04,8.416,14.453,2.401,15.307,-0.15,0.155,-0.009,,
1942-05,11.338,17.196,5.398,16.147,-0.067,0.07,0.024,,
1942-06,13.578,19.417,7.721,16.729,0.029,0.262,0.178,,
1942-07,14.242,20.107,8.516,16.902,-0.152,0.046,-0.06,,
1942-08,13.786,19.603,8.042,16.766,-0.335,-0.145,-0.22,,
1942-09,12.146,18.143,6.151,16.265,-0.289,0.314,0.002,,
1942-10,9.627,15.452,3.864,15.358,0.341,0.597,0.463,,
1942-11,6.395,12.149,0.685,14.426,0.172,0.594,0.372,,
1942-12,3.945,9.368,-1.474,13.872,0.184,0.166,0.246,,
1943-01,2.396,8.017,-3.283,13.522,-0.467,-0.414,-0.406,,
1943-02,3.513,9.468,-2.37,13.939,0.342,0.593,0.463,,
1943-03,5.138,11.123,-0.812,14.371,-0.178,-0.113,-0.207,,
1943-04,8.638,14.654,2.719,15.335,0.3,0.559,0.378,,
1943-05,11.485,17.401,5.523,16.123,0.184,0.458,0.317,,
1943-06,13.161,19.036,7.314,16.596,-0.249,-0.176,-0.313,,
1943-07,14.46,20.394,8.503,16.95,-0.178,0.315,0.098,,
1943-08,13.774,19.68,7.986,16.912,0.048,0.363,0.173,,
1943-09,12.096,18.029,6.325,16.285,-0.046,0.264,0.087,,
1943-10,9.907,15.859,4.068,15.62,0.466,0.899,0.591,,
1943-11,6.26,11.87,0.592,14.53,0.131,0.556,0.335,,
1943-12,4.233,9.705,-1.326,13.957,0.513,0.686,0.668,,
1944-01,3.504,9.037,-1.929,13.819,1.184,0.964,1.114,,
1944-02,3.591,9.407,-2.123,14.023,0.549,0.571,0.555,,
1944-03,5.531,11.517,-0.4,14.632,0.465,0.494,0.423,,
1944-04,8.434,14.577,2.337,15.432,-0.029,0.359,0.092,,
1944-05,11.334,17.483,5.328,16.212,0.016,0.427,0.231,,
1944-06,13.478,19.508,7.491,16.772,-0.115,0.216,0.027,,
1944-07,14.468,20.493,8.652,17.119,-0.047,0.276,0.088,,
1944-08,14.017,20.108,8.076,17.117,-0.196,0.353,0.084,,
1944-09,12.45,18.453,6.614,16.472,0.222,0.517,0.323,,
1944-10,9.808,15.732,4.032,15.623,0.302,0.764,0.437,,
1944-11,6.091,11.515,0.607,14.401,0.086,-0.235,-0.126,,
1944-12,3.434,8.896,-1.969,13.767,-0.399,-0.525,-0.534,,
1945-01,2.525,8.127,-2.907,13.586,-0.085,-0.169,-0.235,,
1945-02,2.646,8.373,-3.044,13.747,-0.6,-0.8,-0.728,,
1945-03,5.184,11.182,-0.898,14.462,-0.259,0.045,-0.081,,
1945-04,8.681,14.727,2.601,15.431,0.145,0.351,0.261,,
1945-05,11.097,17.214,5.008,16.064,-0.382,0,-0.18,,
1945-06,13.328,19.407,7.366,16.661,-0.171,0.079,-0.074,,
1945-07,14.213,20.142,8.352,16.911,-0.282,0.093,-0.089,,
1945-08,14.313,20.189,8.413,17.106,0.199,0.554,0.352,,
1945-09,12.225,18.078,6.414,16.358,0.07,0.228,0.133,,
1945-10,9.575,15.458,3.83,15.574,0.269,0.494,0.296,,
1945-11,6.073,11.697,0.47,14.453,-0.171,0.159,0.038,,
1945-12,3.158,8.671,-2.337,13.616,-1.024,-0.746,-0.821,,
1946-01,2.979,8.484,-2.547,13.638,0.319,0.434,0.468,,
1946-02,3.461,9.259,-2.389,13.816,0.158,0.439,0.348,,
1946-03,5.236,11.244,-0.839,14.514,-0.065,0.218,0.043,,
1946-04,8.837,14.909,2.711,15.441,0.429,0.748,0.612,,
1946-05,11.355,17.275,5.323,15.994,-0.234,0.055,-0.076,,
1946-06,13.298,19.086,7.197,16.513,-0.275,-0.097,-0.139,,
1946-07,14.409,20.265,8.427,16.944,-0.153,0.141,0.014,,
1946-08,13.834,19.783,7.998,16.717,-0.086,0.127,0.014,,
1946-09,12.064,17.921,6.264,16.252,-0.15,-0.048,-0.088,,
1946-10,9.281,15.175,3.577,15.437,-0.013,0.089,-0.023,,
1946-11,6.235,11.863,0.555,14.359,-0.076,0.26,0.152,,
1946-12,3.134,8.514,-2.31,13.528,-0.945,-0.877,-0.86,,
1947-01,2.597,8.109,-2.992,13.532,-0.31,-0.307,-0.253,,
1947-02,3.277,9.045,-2.668,13.832,-0.26,0.081,-0.051,,
1947-03,5.801,11.8,-0.367,14.54,0.383,0.867,0.662,,
1947-04,8.686,14.734,2.738,15.373,0.317,0.538,0.391,,
1947-05,11.329,17.266,5.263,16.089,-0.196,0.164,0.013,,
1947-06,13.459,19.361,7.452,16.701,-0.248,-0.026,-0.086,,
1947-07,14.349,20.126,8.35,16.973,-0.204,0.141,0.02,,
1947-08,13.827,19.541,8.002,16.804,-0.089,0.115,0.025,,
1947-09,12.166,17.959,6.355,16.261,0.035,0.338,0.215,,
1947-10,10.011,15.797,4.313,15.49,0.848,1.09,0.934,,
1947-11,6.407,11.926,0.913,14.435,0.478,0.365,0.439,,
1947-12,3.656,9.086,-1.784,13.692,-0.057,-0.02,-0.048,,
1948-01,3.366,9.136,-2.352,13.666,0.731,1.246,0.971,,
1948-02,3.22,9.034,-2.613,13.692,-0.05,0.075,-0.011,,
1948-03,4.919,10.852,-1.039,14.284,-0.368,-0.247,-0.316,,
1948-04,8.499,14.384,2.617,15.266,0.201,0.198,0.201,,
1948-05,11.537,17.592,5.515,16.173,0.195,0.494,0.35,,
1948-06,13.664,19.614,7.585,16.742,0.107,0.283,0.185,,
1948-07,14.445,20.334,8.625,16.938,-0.054,0.243,0.071,,
1948-08,13.896,19.87,7.965,16.902,-0.068,0.292,0.097,,
1948-09,12.155,18.217,6.209,16.243,-0.036,0.381,0.165,,
1948-10,9.584,15.52,3.812,15.389,0.194,0.546,0.265,,
1948-11,6.185,11.853,0.691,14.299,0.298,0.326,0.239,,
1948-12,3.491,8.981,-2.03,13.54,-0.578,-0.413,-0.492,,
1949-01,3.219,8.837,-2.428,13.704,0.547,0.716,0.682,,
1949-02,2.759,8.518,-3.003,13.686,-0.444,-0.446,-0.442,,
1949-03,5.077,10.981,-0.773,14.322,-0.137,-0.118,-0.141,,
1949-04,8.344,14.41,2.364,15.312,0.085,0.187,0.133,,
1949-05,11.309,17.196,5.444,16.063,0.138,0.182,0.17,,
1949-06,13.223,19.064,7.389,16.467,-0.202,-0.138,-0.166,,
1949-07,14.199,20.128,8.297,16.807,-0.315,-0.064,-0.187,,
1949-08,13.826,19.77,8.004,16.796,-0.056,0.187,0.031,,
1949-09,11.957,17.969,6.052,16.177,-0.307,0.091,-0.113,,
1949-10,9.531,15.439,3.719,15.375,0.077,0.564,0.279,,
1949-11,6.148,11.821,0.453,14.331,-0.055,0.324,0.107,,
1949-12,3.449,8.843,-1.892,13.633,-0.406,-0.477,-0.49,,
1950-01,2.008,7.611,-3.622,13.311,-1.024,-0.765,-0.872,,
1950-02,2.721,8.475,-3.013,13.554,-0.639,-0.606,-0.605,,
1950-03,5.247,11.173,-0.693,14.296,-0.034,0.009,0.012,,
1950-04,8.123,14.157,2.043,15.093,-0.627,-0.22,-0.386,,
1950-05,11.297,17.252,5.421,16.033,-0.109,0.112,-0.024,,
1950-06,13.382,19.29,7.501,16.66,-0.206,0.071,-0.081,,
1950-07,14.14,19.882,8.417,16.981,-0.302,-0.333,-0.356,,
1950-08,13.46,19.39,7.729,16.731,-0.437,-0.293,-0.406,,
1950-09,11.952,17.737,6.205,16.124,-0.136,-0.076,-0.106,,
1950-10,9.153,14.918,3.452,15.245,-0.077,0.011,-0.054,,
1950-11,5.372,11.077,-0.426,14.06,-1.14,-0.627,-0.828,,
1950-12,3.528,9.123,-2.071,13.586,-0.505,-0.009,-0.218,,
1951-01,2.138,7.77,-3.521,13.341,-0.805,-0.453,-0.578,,
1951-02,2.332,8.163,-3.661,13.488,-1.349,-1.023,-1.074,,
1951-03,5.091,11.074,-1.087,14.278,-0.536,-0.295,-0.359,,
1951-04,8.367,14.538,2.191,15.198,-0.178,0.365,0.104,,
1951-05,11.438,17.371,5.376,16.158,0.097,0.323,0.254,,
1951-06,13.25,19.16,7.312,16.768,-0.303,-0.059,-0.148,,
1951-07,14.324,20.225,8.416,17.046,-0.173,0.162,0.054,,
1951-08,14.021,19.81,8.033,17.081,0.09,0.398,0.3,,
1951-09,12.324,18.362,6.427,16.43,0.26,0.587,0.446,,
1951-10,9.67,15.149,4.047,15.529,0.534,0.069,0.303,,
1951-11,6.225,11.752,0.457,14.422,-0.077,0.087,0.009,,
1951-12,4.328,9.788,-1.162,13.995,0.616,0.729,0.694,,
1952-01,3.049,8.656,-2.579,13.762,0.227,0.36,0.307,,
1952-02,3.396,9.113,-2.425,14.009,0.128,0.118,0.146,,
1952-03,4.967,10.96,-1.193,14.373,-0.665,-0.476,-0.534,,
1952-04,8.461,14.565,2.445,15.363,0.018,0.325,0.171,,
1952-05,11.352,17.289,5.394,16.129,-0.006,0.177,0.135,,
1952-06,13.442,19.426,7.626,16.751,0.113,0.225,0.185,,
1952-07,14.549,20.416,8.754,17.068,0.117,0.389,0.268,,
1952-08,13.964,19.753,8.161,16.952,0.043,0.187,0.124,,
1952-09,12.238,18.109,6.379,16.395,0.116,0.353,0.254,,
1952-10,9.157,15.032,3.294,15.434,-0.52,0.017,-0.273,,
1952-11,5.425,11.017,-0.164,14.334,-0.863,-0.663,-0.755,,
1952-12,3.659,9.215,-1.85,13.787,-0.243,-0.123,-0.132,,
1953-01,2.964,8.541,-2.629,13.642,0.314,0.479,0.44,,
1953-02,3.629,9.51,-2.182,14.02,0.616,0.738,0.645,,
1953-03,5.712,11.677,-0.22,14.561,0.58,0.596,0.543,,
1953-04,8.892,14.813,2.913,15.518,0.562,0.705,0.646,,
1953-05,11.514,17.358,5.53,16.266,0.246,0.32,0.325,,
1953-06,13.612,19.461,7.749,16.89,0.322,0.262,0.32,,
1953-07,14.392,20.254,8.565,17.088,0.284,0.339,0.301,,
1953-08,14.059,19.803,8.25,16.985,0.23,0.244,0.253,,
1953-09,12.199,18.145,6.288,16.418,-0.082,0.39,0.153,,
1953-10,9.59,15.367,3.908,15.471,0.277,0.419,0.343,,
1953-11,5.924,11.376,0.419,14.332,-0.211,-0.275,-0.24,,
1953-12,3.998,9.366,-1.299,13.862,0.335,0.132,0.238,,
1954-01,2.059,7.673,-3.581,13.38,-0.965,-0.692,-0.804,,
1954-02,3.084,8.863,-2.674,13.783,-0.083,-0.138,-0.119,,
1954-03,5.148,11.148,-0.865,14.385,-0.283,-0.248,-0.244,,
1954-04,8.158,13.973,2.424,15.226,-0.133,-0.297,-0.228,,
1954-05,10.988,16.784,5.196,15.971,-0.302,-0.366,-0.275,,
1954-06,13.4,19.213,7.62,16.609,0.033,0.033,0.09,,
1954-07,14.241,20.015,8.543,16.851,0.039,-0.046,0.008,,
1954-08,13.868,19.588,8.184,16.816,0.183,0.094,0.154,,
1954-09,12.098,17.852,6.368,16.223,0.189,0.146,0.184,,
1954-10,9.546,15.26,3.902,15.423,0.273,0.34,0.274,,
1954-11,6.579,12.155,1.046,14.48,0.638,0.678,0.678,,
1954-12,3.559,8.915,-1.773,13.62,-0.195,-0.434,-0.3,,
1955-01,3.412,8.914,-2.028,13.717,1.043,0.949,1.007,,
1955-02,3.137,8.966,-2.71,13.718,-0.258,0.108,-0.037,,
1955-03,4.585,10.377,-1.427,14.179,-0.996,-0.842,-0.887,,
1955-04,8.136,13.914,2.223,15.119,-0.381,-0.401,-0.395,,
1955-05,11.192,17.11,5.504,15.882,0.013,0.094,0.068,,
1955-06,13.56,19.218,7.735,16.555,0.014,0.088,0.079,,
1955-07,14.242,19.959,8.579,16.809,-0.062,-0.016,0.003,,
1955-08,14.283,19.857,8.303,16.899,0.14,0.228,0.218,,
1955-09,11.954,17.859,6.405,16.148,0.012,-0.078,0.038,,
1955-10,9.735,15.446,3.923,15.333,0.329,0.6,0.46,,
1955-11,5.973,11.527,0.084,14.211,-0.513,-0.105,-0.256,,
1955-12,3.306,8.802,-2.254,13.522,-0.715,-0.399,-0.54,,
1956-01,2.466,7.909,-3.055,13.444,-0.2,-0.301,-0.198,,
1956-02,2.781,8.555,-3.131,13.626,-0.799,-0.541,-0.698,,
1956-03,4.889,10.836,-1.028,14.231,-0.524,-0.478,-0.515,,
1956-04,7.922,13.848,2.043,15.029,-0.561,-0.466,-0.498,,
1956-05,10.721,16.734,5.083,15.823,-0.488,-0.457,-0.426,,
1956-06,13.16,18.939,7.309,16.472,-0.241,-0.171,-0.144,,
1956-07,14.18,19.952,8.603,16.83,-0.222,-0.292,-0.237,,
1956-08,13.189,18.967,7.513,16.605,-0.34,-0.429,-0.358,,
1956-09,11.783,17.501,5.872,16.088,-0.595,-0.456,-0.481,,
1956-10,8.928,14.667,3.173,15.159,-0.489,-0.304,-0.402,,
1956-11,5.738,11.414,0.134,14.261,-0.628,-0.267,-0.449,,
1956-12,3.598,8.962,-1.775,13.704,-0.322,-0.589,-0.458,,
1957-01,2.488,8.005,-2.97,13.473,-0.27,-0.383,-0.348,,
1957-02,3.12,8.708,-2.51,13.804,-0.044,-0.408,-0.221,,
1957-03,5.036,10.986,-0.916,14.381,-0.375,-0.342,-0.367,,
1957-04,8.366,14.094,2.426,15.324,-0.253,-0.504,-0.385,,
1957-05,11.259,17.054,5.43,16.216,-0.101,-0.384,-0.257,,
1957-06,13.783,19.473,7.811,16.878,0.006,0.041,0.041,,
1957-07,14.129,19.828,8.382,17.034,-0.045,-0.099,-0.061,,
1957-08,14.082,19.792,8.263,17.049,0.004,0.109,0.061,,
1957-09,12.312,18.065,6.407,16.38,0.086,0.265,0.174,,
1957-10,9.496,15.049,3.801,15.463,0.012,-0.254,-0.135,,
1957-11,6.391,11.849,0.831,14.516,0.2,0.016,0.132,,
1957-12,4.328,9.68,-0.943,13.971,0.615,0.452,0.553,,
1958-01,3.574,8.977,-1.772,13.881,1.24,0.868,1.066,,
1958-02,3.695,9.546,-1.949,14.071,0.488,0.406,0.445,,
1958-03,5.453,11.321,-0.549,14.547,0.056,0.074,0.088,315.7,
1958-04,8.52,14.392,2.57,15.359,-0.096,-0.126,-0.071,317.45,
1958-05,11.519,17.355,5.625,16.18,0.046,0.108,0.085,317.51,
1958-06,13.187,19.028,7.427,16.619,-0.121,-0.259,-0.166,317.24,
1958-07,14.438,20.121,8.839,17.039,0.017,-0.158,-0.065,315.86,
1958-08,13.597,19.399,8.048,16.832,0.047,0.026,0.043,314.93,
1958-09,11.845,17.549,6.204,16.284,-0.082,-0.201,-0.13,313.2,
1958-10,9.375,15.094,3.742,15.437,-0.005,0.001,0.002,312.43,
1958-11,6.26,11.718,0.746,14.507,0.143,-0.007,0.095,313.33,
1958-12,3.822,9.23,-1.557,13.829,0.201,0.264,0.259,314.67,
1959-01,2.959,8.39,-2.406,13.636,0.551,0.342,0.436,315.58,
1959-02,3.33,9.004,-2.225,13.873,0.197,-0.065,0.077,316.48,
1959-03,5.854,11.728,-0.071,14.612,0.591,0.642,0.642,316.65,
1959-04,8.819,14.752,2.807,15.439,0.169,0.326,0.264,317.72,
1959-05,11.323,17.164,5.536,16.122,-0.102,-0.232,-0.108,318.29,
1959-06,13.577,19.379,7.748,16.776,0.15,0.193,0.182,318.15,
1959-07,14.449,20.236,8.854,17.002,0.015,-0.022,-0.013,316.54,
1959-08,13.853,19.532,8.321,16.908,0.271,-0.067,0.088,314.8,
1959-09,11.946,17.663,6.344,16.278,0.232,-0.018,0.129,313.84,
1959-10,9.16,14.767,3.586,15.405,-0.156,-0.409,-0.238,313.33,
1959-11,5.752,11.261,0.302,14.272,-0.444,-0.475,-0.43,314.81,
1959-12,3.77,9.122,-1.493,13.763,-0.023,-0.058,-0.061,315.58,
1960-01,2.713,8.222,-2.623,13.553,0.118,0.088,0.113,316.43,
1960-02,3.798,9.748,-1.92,13.956,0.755,1.182,0.967,316.98,
1960-03,4.303,10.216,-1.677,14.145,-1.077,-1.031,-1.005,317.58,
1960-04,8.133,13.955,2.229,15.19,-0.336,-0.267,-0.291,319.03,
1960-05,10.872,16.71,5.044,15.956,-0.253,-0.216,-0.214,320.04,
1960-06,13.484,19.306,7.729,16.67,0.33,0.308,0.301,319.59,
1960-07,14.198,19.884,8.492,16.985,0.011,-0.073,0.007,318.18,
1960-08,13.825,19.604,8.242,16.969,0.131,0.094,0.119,315.9,
1960-09,12.095,17.856,6.498,16.382,0.168,0.016,0.127,314.17,
1960-10,9.497,15.235,3.8,15.456,-0.091,0.12,0.042,313.83,
1960-11,5.828,11.433,0.355,14.313,-0.325,-0.162,-0.228,315,
1960-12,4.259,9.64,-0.978,13.928,0.841,0.64,0.74,316.19,
1961-01,2.926,8.38,-2.383,13.664,0.4,0.265,0.339,316.89,
1961-02,3.683,9.299,-1.895,14.058,0.726,0.461,0.581,317.7,
1961-03,5.589,11.478,-0.271,14.609,0.49,0.329,0.429,318.54,
1961-04,8.631,14.497,2.817,15.444,0.073,0.154,0.166,319.48,
1961-05,11.624,17.592,5.729,16.241,-0.019,0.214,0.12,320.58,
1961-06,13.702,19.598,7.796,16.81,0.134,0.274,0.21,319.77,
1961-07,14.288,20.014,8.664,16.987,0.04,-0.078,-0.004,318.57,
1961-08,13.849,19.606,8.23,16.917,0.069,-0.118,-0.024,316.79,
1961-09,12.247,17.987,6.525,16.309,-0.129,-0.191,-0.164,314.99,
1961-10,9.328,15.057,3.508,15.401,-0.395,-0.395,-0.369,315.31,
1961-11,6.205,11.655,0.74,14.437,0.121,0.031,0.075,316.1,
1961-12,3.5,9.016,-1.915,13.682,-0.421,-0.174,-0.276,317.01,
1962-01,3.003,8.657,-2.509,13.655,0.38,0.853,0.623,317.94,
1962-02,3.696,9.547,-2.045,14.003,0.644,0.78,0.677,318.55,
1962-03,5.53,11.537,-0.416,14.522,0.436,0.585,0.515,319.68,
1962-04,8.54,14.473,2.576,15.353,0.218,0.338,0.322,320.57,
1962-05,11.128,17.04,5.195,16.041,0.104,0.18,0.157,321.02,
1962-06,13.427,19.35,7.456,16.679,-0.286,-0.259,-0.268,320.62,
1962-07,14.205,20.054,8.451,16.952,0.092,0.198,0.146,319.61,
1962-08,13.713,19.553,7.941,16.83,-0.066,0.124,0.011,317.4,
1962-09,12.018,17.845,6.313,16.246,-0.059,-0.013,-0.059,316.25,
1962-10,9.468,15.226,3.774,15.429,0.241,0.401,0.309,315.42,
1962-11,6.283,11.775,0.797,14.421,0.286,0.09,0.165,316.69,
1962-12,3.94,9.425,-1.43,13.776,0.132,0.486,0.348,317.7,
1963-01,2.901,8.671,-2.679,13.594,-0.044,0.797,0.372,318.74,
1963-02,4.02,9.95,-1.685,14.014,1.1,1.571,1.321,319.07,
1963-03,5.097,11.043,-0.895,14.357,-0.315,0.096,-0.085,319.86,
1963-04,8.173,13.914,2.35,15.216,-0.096,-0.186,-0.109,321.38,
1963-05,11.045,16.819,5.234,16.05,-0.201,-0.302,-0.246,322.25,
1963-06,13.412,19.276,7.604,16.675,-0.132,-0.185,-0.154,321.48,
1963-07,14.506,20.229,8.797,17.089,0.175,0.177,0.157,319.74,
1963-08,14.309,20.009,8.471,17.061,0.202,0.209,0.188,317.77,
1963-09,12.555,18.306,6.724,16.48,0.226,0.315,0.26,316.21,
1963-10,9.943,15.716,4.326,15.587,0.818,0.855,0.846,315.99,
1963-11,6.561,12.068,1.31,14.58,0.885,0.676,0.78,317.07,
1963-12,3.75,9.346,-1.666,13.817,-0.2,0.173,-0.039,318.35,
1964-01,2.881,8.384,-2.549,13.595,0.174,0.177,0.126,319.57,
1964-02,3.028,8.791,-2.613,13.73,-0.234,-0.281,-0.25,320.01,
1964-03,4.865,10.97,-1.152,14.256,-0.843,-0.416,-0.622,320.74,
1964-04,7.922,13.794,2.152,15.062,-0.462,-0.659,-0.527,321.84,
1964-05,10.905,16.801,5.202,15.856,-0.12,-0.201,-0.132,322.26,
1964-06,13.459,19.275,7.536,16.591,-0.151,-0.172,-0.127,321.89,
1964-07,14.301,20.065,8.572,16.784,-0.087,-0.151,-0.107,320.44,
1964-08,13.678,19.386,8.05,16.634,-0.175,-0.301,-0.248,318.69,
1964-09,11.604,17.394,6.11,16.002,-0.25,-0.363,-0.34,316.7,
1964-10,8.832,14.654,3.218,15.171,-0.562,-0.234,-0.41,316.87,
1964-11,5.983,11.609,0.483,14.202,-0.281,0.07,-0.13,317.68,
1964-12,3.458,8.759,-1.783,13.522,-0.223,-0.433,-0.335,318.71,
1965-01,2.862,8.418,-2.526,13.545,0.293,0.273,0.228,319.44,
1965-02,3.036,8.907,-2.822,13.698,-0.705,-0.469,-0.633,320.44,
1965-03,5.182,11.22,-0.735,14.285,-0.076,0.123,0.002,320.89,
1965-04,7.99,13.841,2.168,15.095,-0.394,-0.576,-0.498,322.14,
1965-05,11.222,17.168,5.262,16.007,-0.224,0.019,-0.113,322.17,
1965-06,13.308,19.126,7.483,16.532,-0.269,-0.259,-0.266,321.87,
1965-07,14.078,19.869,8.376,16.762,-0.251,-0.158,-0.189,321.21,
1965-08,13.807,19.583,8.184,16.803,-0.311,-0.335,-0.321,318.87,
1965-09,11.73,17.407,6.096,16.154,-0.261,-0.37,-0.307,317.81,
1965-10,9.488,15.11,3.8,15.406,0.102,0.128,0.145,317.3,
1965-11,5.86,11.337,0.354,14.287,-0.344,-0.286,-0.301,318.87,
1965-12,3.766,9.235,-1.543,13.775,-0.105,-0.03,-0.066,319.42,
1966-01,2.49,8.049,-3.041,13.495,-0.492,-0.179,-0.298,320.62,
1966-02,3.29,9.005,-2.421,13.81,-0.057,0.074,0.047,321.6,
1966-03,5.527,11.296,-0.42,14.445,0.068,-0.07,-0.016,322.39,
1966-04,8.161,13.951,2.331,15.254,-0.421,-0.538,-0.464,323.7,
1966-05,11.2,17.07,5.189,15.987,-0.144,-0.039,-0.073,324.08,
1966-06,13.587,19.378,7.723,16.693,0.017,0.112,0.083,323.75,
1966-07,14.569,20.392,8.823,17.033,0.068,0.243,0.163,322.38,
1966-08,13.731,19.627,8.087,16.826,0.261,0.328,0.293,320.36,
1966-09,12.133,18.028,6.482,16.273,0.152,0.25,0.217,318.64,
1966-10,9.153,14.777,3.555,15.315,-0.136,-0.144,-0.095,318.1,
1966-11,5.969,11.58,0.412,14.362,-0.411,-0.166,-0.269,319.78,
1966-12,3.382,8.758,-1.927,13.683,-0.588,-0.586,-0.586,321.03,
1967-01,2.71,8.395,-2.869,13.527,-0.513,0.004,-0.283,322.33,
1967-02,2.905,8.619,-2.772,13.688,-0.622,-0.451,-0.526,322.5,
1967-03,5.396,11.222,-0.356,14.465,0.416,0.246,0.302,323.04,
1967-04,8.458,14.376,2.5,15.3,-0.05,0.1,0.031,324.42,
1967-05,11.632,17.505,5.784,16.279,0.272,0.282,0.294,325,
1967-06,13.194,18.911,7.445,16.665,-0.236,-0.209,-0.195,324.09,
1967-07,14.331,20.142,8.706,16.97,0.01,0.02,-0.039,322.54,
1967-08,13.821,19.593,8.172,16.84,-0.041,-0.088,-0.079,320.92,
1967-09,12.054,17.852,6.269,16.244,-0.214,-0.136,-0.146,319.25,
1967-10,9.809,15.479,4.178,15.469,0.627,0.573,0.608,319.39,
1967-11,6.176,11.505,0.808,14.353,0.271,-0.096,0.094,320.73,
1967-12,3.915,9.279,-1.42,13.73,0.131,0.079,0.107,321.96,
1968-01,2.353,7.867,-3.062,13.389,-0.515,-0.484,-0.51,322.57,
1968-02,3.245,8.88,-2.319,13.724,-0.007,-0.124,-0.09,323.15,
1968-03,6.117,11.907,0.285,14.581,1.247,1.197,1.185,323.89,
1968-04,8.455,14.427,2.596,15.261,0.069,0.162,0.073,325.02,
1968-05,11.068,16.76,5.176,15.99,-0.128,-0.019,-0.109,325.57,
1968-06,13.204,18.873,7.318,16.696,-0.212,-0.302,-0.267,325.36,
1968-07,14.026,19.734,8.431,16.887,-0.254,-0.281,-0.3,324.14,
1968-08,13.524,19.238,7.892,16.794,-0.346,-0.211,-0.268,322.11,
1968-09,11.62,17.348,5.942,16.155,-0.226,-0.154,-0.178,320.33,
1968-10,9.453,15.086,3.787,15.481,-0.081,-0.045,-0.082,320.25,
1968-11,5.891,11.3,0.357,14.418,-0.421,-0.424,-0.387,321.32,
1968-12,3.24,8.551,-2.116,13.791,-0.723,-0.709,-0.662,322.89,
1969-01,1.966,7.229,-3.298,13.518,-1.045,-1.614,-1.349,324,
1969-02,2.45,7.969,-3.191,13.747,-1.221,-1.304,-1.247,324.42,
1969-03,5.131,11.018,-0.824,14.576,-0.39,-0.231,-0.27,325.63,
1969-04,8.576,14.286,2.69,15.518,0.077,-0.162,-0.075,326.66,
1969-05,11.354,17.064,5.565,16.329,-0.017,-0.1,-0.108,327.38,
1969-06,13.475,19.208,7.568,16.83,-0.189,-0.156,-0.166,326.71,
1969-07,14.218,20.024,8.666,16.924,0.116,0.059,0.031,325.88,
1969-08,13.804,19.628,8.124,16.945,-0.023,0.045,-0.028,323.66,
1969-09,12.048,17.67,6.421,16.337,0.01,-0.201,-0.117,322.38,
1969-10,9.489,14.888,4.05,15.445,0.191,-0.33,-0.073,321.78,
1969-11,6.42,11.974,0.923,14.524,0.474,0.544,0.482,322.86,
1969-12,4.21,9.587,-1.139,13.993,0.502,0.66,0.52,324.12,
1970-01,2.836,8.288,-2.584,13.711,0.056,0.027,0.01,325.06,
1970-02,3.735,9.543,-2.02,14.022,0.436,0.718,0.567,325.98,
1970-03,5.272,11.066,-0.545,14.503,-0.113,-0.331,-0.274,326.93,
1970-04,8.603,14.383,2.739,15.44,0.11,0.056,0.055,328.13,
1970-05,11.206,17.165,5.402,16.104,-0.147,-0.007,-0.105,328.08,
1970-06,13.513,19.368,7.599,16.672,-0.036,0.14,-0.02,327.67,
1970-07,14.395,20.254,8.723,16.912,0.164,0.18,0.115,326.34,
1970-08,13.658,19.43,8.097,16.748,0.014,-0.067,-0.022,324.69,
1970-09,12.277,17.879,6.62,16.335,0.077,-0.054,-0.032,323.1,
1970-10,9.348,14.96,3.787,15.42,-0.286,-0.296,-0.304,323.06,
1970-11,6.047,11.562,0.524,14.418,-0.055,0.141,0.043,324.01,
1970-12,3.521,8.941,-1.829,13.707,-0.49,-0.433,-0.507,325.13,
1971-01,2.967,8.531,-2.531,13.615,0.034,0.384,0.205,326.17,
1971-02,2.867,8.579,-2.723,13.627,-0.467,-0.437,-0.488,326.68,
1971-03,5.001,10.967,-0.896,14.254,-0.476,-0.22,-0.371,327.17,
1971-04,8.339,14.267,2.516,15.227,-0.262,-0.142,-0.249,327.79,
1971-05,11.211,17.186,5.384,15.963,-0.067,0.007,-0.071,328.93,
1971-06,13.099,18.992,7.436,16.539,-0.011,-0.039,-0.11,328.57,
1971-07,14.139,19.984,8.511,16.846,-0.141,-0.091,-0.147,327.36,
1971-08,13.879,19.593,8.086,16.752,-0.16,-0.02,-0.108,325.43,
1971-09,12.139,17.918,6.463,16.22,0.055,0.074,0.035,323.36,
1971-10,9.388,15.146,3.809,15.298,0.027,0.178,0.05,323.56,
1971-11,6.295,11.842,0.931,14.399,0.549,0.578,0.513,324.8,
1971-12,3.867,9.228,-1.439,13.66,0.156,0.015,0.069,326.01,
1972-01,1.882,7.392,-3.549,13.298,-1.213,-1.08,-1.178,326.77,
1972-02,2.609,8.219,-3.115,13.644,-0.911,-1.065,-0.991,327.63,
1972-03,5.287,11.169,-0.672,14.446,0.014,0.123,0.03,327.75,
1972-04,8.337,14.148,2.498,15.291,0.009,-0.048,-0.057,329.72,
1972-05,11.155,16.968,5.361,16.095,-0.189,-0.277,-0.284,330.07,
1972-06,13.501,19.231,7.627,16.729,-0.131,-0.193,-0.135,329.09,
1972-07,14.231,20.037,8.568,16.956,-0.179,-0.099,-0.125,328.04,
1972-08,14.171,19.88,8.386,16.978,-0.126,0.049,-0.034,326.32,
1972-09,11.901,17.529,6.166,16.27,-0.436,-0.57,-0.511,324.84,
1972-10,9.346,15.057,3.84,15.438,0.053,-0.215,-0.093,325.2,
1972-11,5.797,11.167,0.52,14.419,-0.3,-0.698,-0.488,326.5,
1972-12,3.778,9.182,-1.492,13.951,-0.136,-0.323,-0.283,327.55,
1973-01,3.038,8.492,-2.308,13.774,0.264,0.2,0.204,328.55,
1973-02,3.898,9.496,-1.654,14.14,1.053,0.814,0.926,329.56,
1973-03,5.82,11.605,0.109,14.663,0.825,0.624,0.737,330.3,
1973-04,8.938,14.51,3.107,15.528,0.497,0.261,0.428,331.5,
1973-05,11.769,17.417,5.926,16.288,0.346,0.206,0.299,332.48,
1973-06,13.824,19.497,8.155,16.795,0.38,0.309,0.315,332.07,
1973-07,14.435,20.112,8.989,17.002,0.149,0.127,0.156,330.87,
1973-08,13.869,19.707,8.427,16.889,0.169,0.22,0.215,329.31,
1973-09,12.125,17.815,6.504,16.267,0.023,0.023,-0.001,327.51,
1973-10,9.609,15.182,3.913,15.419,0.006,0.137,0.092,327.18,
1973-11,6.222,11.667,0.788,14.381,0.002,0.041,0.062,328.16,
1973-12,3.832,9.292,-1.514,13.711,0.203,0.477,0.346,328.64,
1974-01,2.261,7.464,-2.894,13.3,-0.427,-0.831,-0.607,329.35,
1974-02,2.582,8.118,-2.926,13.49,-0.618,-0.78,-0.701,330.71,
1974-03,5.19,10.966,-0.495,14.267,0.216,-0.008,0.113,331.48,
1974-04,8.386,14.179,2.59,15.182,0.026,0.17,0.091,332.65,
1974-05,11.198,16.932,5.47,15.957,-0.04,-0.141,-0.138,333.19,
1974-06,13.382,19.235,7.591,16.616,-0.102,-0.036,-0.098,332.16,
1974-07,14.288,19.925,8.654,16.846,0.029,-0.049,-0.024,331.07,
1974-08,14.016,19.652,8.391,16.912,-0.029,-0.117,-0.078,329.12,
1974-09,11.744,17.43,6.14,16.197,-0.139,-0.135,-0.17,327.32,
1974-10,9.098,14.884,3.423,15.274,-0.586,-0.233,-0.4,327.28,
1974-11,5.915,11.459,0.389,14.32,-0.343,-0.141,-0.274,328.3,
1974-12,3.55,8.739,-1.522,13.656,-0.068,-0.665,-0.381,329.58,
1975-01,3.059,8.484,-2.257,13.621,0.692,0.432,0.553,330.73,
1975-02,3.395,9.026,-2.096,13.857,0.411,0.176,0.262,331.46,
1975-03,5.706,11.384,-0.15,14.538,0.626,0.47,0.517,331.9,
1975-04,8.584,14.399,2.882,15.297,0.482,0.336,0.355,333.17,
1975-05,11.742,17.484,5.842,16.136,0.197,0.243,0.177,333.94,
1975-06,13.557,19.275,7.796,16.682,0.212,0.143,0.143,333.45,
1975-07,14.351,20.051,8.637,16.877,0.028,0.122,0.085,331.97,
1975-08,13.514,19.248,7.892,16.665,-0.008,-0.034,-0.039,329.95,
1975-09,12.152,17.804,6.54,16.216,0.243,0.163,0.162,328.5,
1975-10,9.318,14.908,3.671,15.292,-0.006,0.039,-0.006,328.35,
1975-11,5.893,11.462,0.332,14.126,-0.397,-0.144,-0.286,329.37,
1975-12,3.667,9.079,-1.636,13.557,-0.114,-0.015,-0.07,330.64,
1976-01,2.884,8.398,-2.452,13.442,0.436,0.557,0.468,331.59,
1976-02,3.031,8.509,-2.443,13.619,0.022,-0.312,-0.192,332.75,
1976-03,4.517,10.305,-1.204,14.124,-0.671,-0.91,-0.818,333.52,
1976-04,8.294,14.177,2.489,15.135,0.306,0.162,0.202,334.64,
1976-05,10.942,16.728,5.176,15.778,-0.05,-0.257,-0.2,334.77,
1976-06,13.086,18.954,7.345,16.448,-0.189,-0.268,-0.259,334,
1976-07,14.155,19.852,8.349,16.864,-0.303,-0.335,-0.322,333.06,
1976-08,13.511,19.163,7.646,16.671,-0.3,-0.14,-0.232,330.68,
1976-09,11.895,17.74,6.197,16.185,-0.037,0.104,0.018,328.95,
1976-10,8.511,14.028,3.113,15.167,-0.82,-1.169,-0.99,328.75,
1976-11,5.66,11.156,0.302,14.299,-0.44,-0.638,-0.572,330.15,
1976-12,3.681,9.086,-1.708,13.841,-0.485,-0.366,-0.427,331.62,
1977-01,2.492,7.764,-2.648,13.647,-0.309,-0.921,-0.601,332.66,
1977-02,3.471,9.135,-2.152,14.001,0.234,0.366,0.336,333.13,
1977-03,5.702,11.581,-0.035,14.639,0.811,0.757,0.805,334.95,
1977-04,8.85,14.751,3.058,15.47,0.639,0.742,0.688,336.13,
1977-05,11.78,17.594,6.009,16.286,0.614,0.53,0.504,336.93,
1977-06,13.876,19.628,8.058,16.846,0.509,0.456,0.48,336.17,
1977-07,14.631,20.327,8.971,17.047,0.178,0.029,0.102,334.88,
1977-08,14.09,19.673,8.464,16.979,0.124,-0.178,-0.05,332.56,
1977-09,11.862,17.535,6.35,16.312,0.246,0.028,0.148,331.29,
1977-10,9.156,14.875,3.586,15.387,-0.136,-0.35,-0.232,331.27,
1977-11,6.544,11.962,1.259,14.544,0.883,0.594,0.722,332.41,
1977-12,3.749,9.001,-1.385,13.741,0.143,-0.187,-0.022,333.6,
1978-01,2.705,8.006,-2.52,13.587,0.367,-0.007,0.226,334.95,
1978-02,3.456,9.006,-2.149,13.904,0.275,0.094,0.212,335.25,
1978-03,5.607,11.344,-0.074,14.555,0.559,0.25,0.418,336.66,
1978-04,8.791,14.628,3.084,15.372,0.402,0.216,0.302,337.69,
1978-05,11.414,17.131,5.723,16.101,0.045,-0.142,-0.041,338.03,
1978-06,13.22,18.891,7.715,16.601,-0.072,-0.323,-0.227,338.01,
1978-07,14.364,19.911,8.894,16.935,-0.156,-0.323,-0.237,336.4,
1978-08,13.297,18.974,7.681,16.623,-0.257,-0.321,-0.283,334.42,
1978-09,12.03,17.64,6.431,16.281,0.116,-0.121,0.009,332.37,
1978-10,9.339,14.964,3.803,15.337,0.061,-0.023,0.02,332.41,10.40266667
1978-11,6.35,11.685,1.08,14.522,0.632,0.178,0.375,333.75,11.64513333
1978-12,3.74,9.195,-1.617,13.793,-0.084,0.2,0.046,334.9,13.6670625
1979-01,2.679,8.071,-2.625,13.63,-0.017,-0.289,-0.165,336.14,15.414
1979-02,2.841,8.525,-2.759,13.768,-0.47,-0.549,-0.492,336.68,16.17528571
1979-03,5.474,11.331,-0.129,14.565,0.506,0.084,0.275,338.27,16.3419375
1979-04,8.455,14.273,2.623,15.391,-0.292,-0.427,-0.367,338.95,15.4468
1979-05,11.199,17.139,5.712,16.076,0.147,0.107,0.098,339.21,13.85686667
1979-06,13.487,19.366,7.818,16.772,0.156,0.071,0.079,339.26,12.53
1979-07,14.114,19.945,8.491,16.992,0.125,0.058,0.08,337.54,10.31125
1979-08,13.833,19.623,8.266,16.978,0.041,-0.047,-0.039,335.75,8.041066667
1979-09,12.247,18.059,6.714,16.45,0.172,0.253,0.195,333.98,7.051133333
1979-10,9.586,15.354,4.054,15.557,0.328,0.367,0.326,334.19,8.7479375
1979-11,6.286,11.807,0.905,14.609,0.246,0.203,0.193,335.31,10.94306667
1979-12,4.6,10,-0.669,14.182,1.084,1.03,1.021,336.81,13.33626667
1980-01,2.956,8.468,-2.457,13.812,0.226,0.178,0.199,337.9,14.861875
1980-02,3.652,9.26,-1.864,14.112,0.759,0.34,0.55,338.34,15.95514286
1980-03,5.367,11.24,-0.379,14.646,-0.102,-0.298,-0.231,340.01,16.0413125
1980-04,8.935,14.821,3.109,15.578,0.259,0.382,0.315,340.93,15.42906667
1980-05,11.77,17.713,6.131,16.314,0.469,0.331,0.385,341.48,13.7926
1980-06,13.582,19.375,7.901,16.806,0.306,0.234,0.242,341.32,12.2046
1980-07,14.742,20.466,9.102,17.171,0.216,0.165,0.193,339.4,10.1000625
1980-08,14.189,19.814,8.563,17.049,0.162,0.117,0.144,337.7,7.984266667
1980-09,12.321,18.121,6.642,16.427,0.126,0.093,0.086,336.19,7.667066667
1980-10,9.55,15.17,4.051,15.45,0.391,0.156,0.281,336.15,9.18275
1980-11,6.684,12.196,1.334,14.645,0.721,0.621,0.647,337.27,11.38286667
1980-12,4.016,9.431,-1.277,13.892,0.175,0.19,0.202,338.32,13.59293333
1981-01,3.785,9.267,-1.298,13.963,1.802,1.515,1.63,339.29,14.9096875
1981-02,4.021,9.689,-1.41,14.073,1.246,1.071,1.141,340.55,15.60407143
1981-03,6.239,12.05,0.554,14.769,1.413,1.19,1.3,341.61,15.63153333
1981-04,8.953,14.817,3.131,15.432,0.772,0.604,0.682,342.53,15.00993333
1981-05,11.565,17.471,5.901,16.198,0.237,0.204,0.194,343.03,13.801625
1981-06,13.765,19.611,8.065,16.932,0.534,0.397,0.425,342.54,12.42973333
1981-07,14.738,20.398,9.208,17.217,0.407,0.11,0.207,340.78,10.271
1981-08,14.502,20.293,8.977,17.123,0.414,0.446,0.404,338.44,7.8443125
1981-09,12.236,17.95,6.646,16.466,0.23,0.118,0.149,336.95,7.138466667
1981-10,9.394,14.979,3.765,15.453,0.316,0.158,0.212,337.08,8.856266667
1981-11,6.273,11.669,0.97,14.47,0.511,0.3,0.396,338.58,10.929
1981-12,4.519,10.068,-0.878,14.098,0.9,1.195,1.057,339.88,13.341125
1982-01,2.558,8.09,-2.777,13.587,-0.287,-0.287,-0.279,340.96,15.17673333
1982-02,3.281,8.843,-2.075,13.852,0.452,-0.159,0.136,341.73,15.9735
1982-03,4.873,10.667,-0.722,14.337,-0.011,-0.49,-0.29,342.81,16.043875
1982-04,8.465,14.388,2.89,15.33,0.425,0.196,0.271,343.97,15.466
1982-05,11.348,17.149,5.727,16.144,0.213,-0.114,0.036,344.63,13.9732
1982-06,13.245,19.083,7.556,16.625,-0.026,-0.128,-0.11,343.79,12.47606667
1982-07,14.545,20.311,9.019,17,0.201,0.176,0.177,342.32,10.3670625
1982-08,13.796,19.534,8.465,16.867,0.066,-0.179,-0.08,340.09,8.139533333
1982-09,12.039,17.75,6.675,16.354,0.257,0.115,0.173,338.28,7.301733333
1982-10,9.232,14.845,3.917,15.493,0.132,-0.263,-0.098,338.29,9.4210625
1982-11,5.961,11.314,0.909,14.446,-0.093,-0.866,-0.502,339.6,11.62746667
1982-12,4.327,9.637,-0.705,14.068,0.839,0.323,0.559,340.9,13.6418
1983-01,3.445,8.747,-1.65,13.979,1.278,0.494,0.858,341.68,14.9424375
1983-02,3.814,9.427,-1.592,14.169,0.943,0.311,0.61,342.9,16.00614286
1983-03,5.699,11.503,0.097,14.683,0.723,0.217,0.458,343.33,16.08526667
1983-04,8.693,14.45,3.053,15.468,0.19,-0.131,0.022,345.25,15.17206667
1983-05,11.729,17.477,6.144,16.34,0.162,-0.051,0.015,346.03,13.4913125
1983-06,13.478,19.217,7.819,16.786,0.2,0.06,0.11,345.63,12.29566667
1983-07,14.408,20.139,8.829,17.068,0.425,0.388,0.408,344.19,10.57026667
1983-08,14.302,20.105,8.729,17.145,0.584,0.531,0.547,342.27,8.185875
1983-09,12.698,18.412,7.08,16.573,0.624,0.394,0.482,340.35,7.3946
1983-10,9.478,15.097,4.011,15.498,0.413,0.073,0.221,340.38,9.334066667
1983-11,6.765,12.334,1.421,14.648,1.246,1.188,1.198,341.59,11.461
1983-12,3.829,9.25,-1.312,13.886,0.257,0.159,0.175,343.05,13.2984375
1984-01,2.941,8.338,-2.235,13.701,0.609,0.177,0.38,344.1,14.47326667
1984-02,3.093,8.786,-2.452,13.878,-0.011,-0.321,-0.196,344.79,15.29893333
1984-03,5.671,11.541,-0.078,14.608,0.51,0.35,0.38,345.52,15.5842
1984-04,8.432,14.335,2.608,15.37,-0.015,0.099,0.003,346.98,15.01446667
1984-05,11.976,17.86,6.211,16.295,0.565,0.554,0.497,347.63,13.5766875
1984-06,13.387,19.05,7.662,16.668,0.307,0.028,0.111,346.98,12.15166667
1984-07,14.429,20.109,8.958,16.961,0.141,0.064,0.058,345.53,9.977533333
1984-08,13.984,19.83,8.33,16.972,0.135,0.268,0.151,343.55,7.7710625
1984-09,12.015,17.718,6.5,16.385,-0.028,-0.228,-0.169,341.4,6.8052
1984-10,9.378,14.891,4.015,15.368,0.254,-0.167,-0.024,341.67,8.5606
1984-11,5.811,11.243,0.602,14.32,-0.251,-0.478,-0.407,343.07,10.84153333
1984-12,3.185,8.411,-1.88,13.604,-0.787,-1.256,-1.065,344.7,12.9894375
1985-01,3.01,8.385,-2.22,13.678,0.508,0.076,0.256,345.21,14.72486667
1985-02,2.704,8.322,-2.853,13.731,-0.615,-0.76,-0.716,346.16,15.46571429
1985-03,5.451,11.194,-0.133,14.526,0.284,-0.135,0.039,347.74,15.8859375
1985-04,8.633,14.421,2.905,15.356,0.268,0.101,0.181,348.34,15.35653333
1985-05,11.426,17.203,5.756,16.136,0.356,0.23,0.239,349.06,14.0734
1985-06,13.569,19.396,7.908,16.713,0.209,0.065,0.095,348.38,12.21906667
1985-07,13.973,19.711,8.362,16.906,-0.144,-0.252,-0.223,346.71,9.7445625
1985-08,14.059,19.757,8.515,17.013,0.209,0.13,0.127,345.02,7.401866667
1985-09,11.98,17.634,6.482,16.357,0.088,-0.131,-0.093,343.27,6.697666667
1985-10,9.338,14.808,4.051,15.476,0.345,-0.209,0.022,343.13,8.5459375
1985-11,5.968,11.331,0.703,14.388,0.074,-0.226,-0.093,344.49,11.02453333
1985-12,3.785,9.044,-1.368,13.808,0.354,0.011,0.16,345.88,13.04993333
1986-01,3.315,8.818,-2.011,13.724,0.959,0.902,0.912,346.56,14.889625
1986-02,3.991,9.699,-1.637,14.084,0.76,0.635,0.676,347.28,15.78485714
1986-03,5.755,11.629,0.015,14.608,0.643,0.4,0.521,348.07,15.90946667
1986-04,8.871,14.772,3.105,15.452,0.458,0.376,0.379,349.8,15.0588
1986-05,11.581,17.393,5.889,16.163,0.357,0.265,0.235,350.44,13.3795625
1986-06,13.439,19.211,7.72,16.696,0.278,0.174,0.179,349.93,11.97593333
1986-07,14.293,19.987,8.739,16.991,0.106,-0.087,-0.04,348.16,10.14646667
1986-08,13.972,19.874,8.433,16.938,0.099,0.215,0.088,346.07,7.9795625
1986-09,11.817,17.713,6.395,16.285,0.058,-0.139,-0.099,345.22,7.410666667
1986-10,9.299,14.803,3.881,15.455,0.233,-0.097,0.032,344.52,9.483933333
1986-11,5.919,11.232,0.702,14.407,0.164,-0.438,-0.179,345.92,11.45326667
1986-12,3.751,9.071,-1.399,13.805,0.164,-0.128,-0.019,347.22,13.2224375
1987-01,3.139,8.701,-2.344,13.758,0.261,0.537,0.379,348.46,14.9698
1987-02,4.134,9.792,-1.366,14.161,1.421,1.16,1.264,348.73,16.05014286
1987-03,5.245,11.203,-0.467,14.538,0.06,-0.174,-0.073,349.73,15.8159375
1987-04,8.595,14.69,2.835,15.447,-0.031,0.125,0.019,351.31,15.21086667
1987-05,11.525,17.315,5.798,16.252,0.433,0.309,0.332,352.06,13.74293333
1987-06,13.927,19.661,8.105,16.9,0.26,0.132,0.139,351.52,12.48566667
1987-07,14.89,20.667,9.326,17.296,0.463,0.453,0.416,350.11,10.3325625
1987-08,13.896,19.632,8.32,17.061,0.411,0.357,0.318,348.03,7.499904762
1987-09,12.447,18.226,6.878,16.569,0.595,0.552,0.525,346.52,7.2787
1987-10,9.59,15.136,4.094,15.621,0.307,-0.104,0.056,346.59,9.048774194
1987-11,6.056,11.518,0.71,14.561,-0.164,-0.271,-0.225,347.96,11.22403333
1987-12,4.489,9.857,-0.712,14.13,0.94,0.876,0.876,349.16,12.5405
1988-01,3.454,8.864,-1.798,13.978,1.028,0.637,0.791,350.39,15.09047368
1988-02,3.422,9.094,-2.031,14.064,0.565,0.159,0.315,351.64,15.58337931
1988-03,5.931,11.817,0.366,14.778,0.835,0.529,0.641,352.4,15.95722581
1988-04,8.992,14.978,3.289,15.593,0.694,0.809,0.698,353.69,15.12333333
1988-05,11.852,17.676,6.143,16.348,0.655,0.653,0.577,354.21,13.56087097
1988-06,14.099,19.974,8.356,16.976,0.729,0.705,0.659,353.75,11.94343333
1988-07,14.798,20.466,9.186,17.179,0.809,0.573,0.634,352.69,9.808677419
1988-08,14.553,20.124,8.905,17.173,0.625,0.271,0.373,350.4,7.891580645
1988-09,12.681,18.424,7.08,16.553,0.67,0.418,0.507,348.92,7.369
1988-10,9.979,15.719,4.363,15.639,0.458,0.492,0.425,349.13,9.135032258
1988-11,6.295,11.837,0.841,14.465,0.314,0.435,0.339,350.2,11.33083333
1988-12,4.363,9.707,-0.852,13.923,1.065,1.028,0.976,351.41,13.62554839
1989-01,2.71,8.095,-2.598,13.566,0.305,0.079,0.164,352.91,14.95480645
1989-02,3.627,9.3,-1.924,13.978,0.774,0.516,0.632,353.28,15.49553571
1989-03,5.792,11.628,0.131,14.607,0.926,0.758,0.768,353.97,15.42329032
1989-04,8.689,14.541,2.737,15.422,0.176,0.542,0.342,355.64,14.3284
1989-05,11.28,17.105,5.494,16.121,0.351,0.387,0.325,355.86,13.04412903
1989-06,13.447,19.25,7.871,16.725,0.415,0.262,0.24,355.37,12.24453333
1989-07,14.612,20.361,8.989,17.15,0.456,0.435,0.381,353.99,10.12970968
1989-08,14.135,19.987,8.595,17.051,0.336,0.326,0.245,351.81,7.881774194
1989-09,12.403,18.198,6.675,16.5,0.324,0.298,0.243,350.05,7.008333333
1989-10,9.76,15.473,4.1,15.597,0.451,0.461,0.415,350.25,8.828903226
1989-11,6.179,11.718,0.749,14.524,0.13,0.137,0.084,351.49,11.11523333
1989-12,4.43,9.802,-0.807,14.058,0.764,0.659,0.66,352.85,13.38680645
1990-01,3.243,8.557,-1.939,13.891,0.969,0.358,0.575,353.8,14.7826129
1990-02,3.643,9.225,-1.795,14.143,1.03,0.42,0.713,355.04,15.57821429
1990-03,6.73,12.658,1.036,15.005,2.238,1.889,2.016,355.73,15.86674194
1990-04,9.169,15.058,3.373,15.683,0.975,0.865,0.842,356.31,14.65006667
1990-05,11.831,17.642,6.086,16.397,0.689,0.706,0.569,357.32,13.22583871
1990-06,13.893,19.786,8.167,16.995,0.72,0.739,0.647,356.34,11.64056667
1990-07,14.784,20.401,9.158,17.246,0.389,0.212,0.243,354.84,9.246612903
1990-08,14.095,19.956,8.514,17.11,0.399,0.551,0.407,353.01,6.797483871
1990-09,12.195,17.993,6.597,16.465,0.478,0.45,0.378,351.31,6.1428
1990-10,9.882,15.72,4.285,15.747,0.548,0.625,0.493,351.62,8.484935484
1990-11,6.92,12.561,1.345,14.77,0.652,0.913,0.669,353.07,11.0752
1990-12,4.425,9.935,-0.922,14.1,0.605,0.726,0.579,354.33,13.10554839
1991-01,3.195,8.506,-1.907,13.859,1.059,0.49,0.745,354.84,14.36380645
1991-02,4.044,9.774,-1.499,14.201,0.996,0.767,0.841,355.73,15.24939286
1991-03,5.574,11.411,-0.129,14.689,0.595,0.208,0.362,357.23,15.41612903
1991-04,9.226,15.123,3.414,15.716,0.959,0.858,0.871,358.66,14.85973333
1991-05,11.616,17.441,6.009,16.37,0.618,0.281,0.34,359.13,13.47312903
1991-06,14.263,19.903,8.509,17.052,0.803,0.619,0.646,358.13,12.10803333
1991-07,14.987,20.643,9.273,17.348,0.606,0.535,0.56,356.22,9.514032258
1991-08,14.319,20.036,8.61,17.163,0.511,0.415,0.426,353.87,7.415354839
1991-09,12.677,18.539,7.004,16.572,0.498,0.548,0.45,352.25,6.4729
1991-10,9.753,15.553,4.122,15.619,0.441,0.583,0.454,352.35,8.541419355
1991-11,6.44,11.862,1.121,14.607,0.615,0.385,0.433,353.81,10.8846
1991-12,4.059,9.284,-1.061,13.98,0.414,-0.078,0.146,355.12,12.94509677
1992-01,3.579,8.914,-1.655,13.961,1.482,0.877,1.144,356.25,14.64267742
1992-02,3.931,9.491,-1.595,14.181,1.117,0.498,0.793,357.11,15.46210345
1992-03,5.952,11.692,0.253,14.771,0.91,0.38,0.621,357.86,15.48112903
1992-04,8.572,14.366,2.785,15.51,0.075,-0.128,-0.046,359.09,14.6769
1992-05,11.535,17.346,5.796,16.319,0.188,0.095,0.057,359.59,13.21554839
1992-06,13.576,19.36,7.818,16.886,-0.104,-0.134,-0.195,359.33,12.14676667
1992-07,14.139,19.853,8.421,17.001,-0.28,-0.304,-0.325,357.01,10.32312903
1992-08,13.766,19.435,8.131,16.9,-0.116,-0.189,-0.19,354.94,7.925258065
1992-09,11.672,17.289,6.132,16.243,-0.297,-0.559,-0.447,352.95,7.4737
1992-10,9.353,15.152,3.676,15.419,-0.286,0.007,-0.192,353.32,9.319516129
1992-11,5.889,11.303,0.463,14.343,-0.111,-0.308,-0.224,354.32,11.37866667
1992-12,4.075,9.455,-1.063,13.902,0.64,0.337,0.441,355.57,13.4073871
1993-01,3.301,8.666,-1.919,13.896,1.074,0.529,0.771,357,14.89606452
1993-02,3.745,9.42,-1.744,14.085,1.122,0.787,0.913,357.31,15.68564286
1993-03,5.923,11.791,0.141,14.725,0.974,0.756,0.833,358.47,15.81316129
1993-04,8.69,14.585,2.823,15.482,0.205,0.248,0.212,359.27,15.0772
1993-05,11.475,17.289,5.674,16.231,0.419,0.276,0.274,360.19,13.36822581
1993-06,13.518,19.292,7.767,16.859,0.331,0.201,0.214,359.52,11.8709
1993-07,14.595,20.228,8.947,17.155,0.306,0.076,0.176,357.33,9.476354839
1993-08,13.835,19.584,8.228,16.926,0.161,0.042,0.084,355.64,7.335
1993-09,11.93,17.639,6.287,16.381,-0.102,-0.152,-0.156,354.03,6.396666667
1993-10,9.614,15.294,3.987,15.543,0.213,0.301,0.195,354.12,8.786129032
1993-11,5.738,11.091,0.363,14.41,-0.531,-0.8,-0.668,355.41,11.31873333
1993-12,4.035,9.358,-1.139,13.904,0.609,0.356,0.463,356.91,13.31896774
1994-01,3.024,8.336,-2.274,13.731,0.625,0.224,0.458,358.24,14.72977419
1994-02,2.81,8.594,-2.768,13.773,-0.394,-0.405,-0.417,358.92,15.56189286
1994-03,5.731,11.663,-0.131,14.713,0.937,0.796,0.864,359.99,15.5536129
1994-04,9.018,14.961,3.162,15.584,0.725,0.679,0.69,361.23,14.88803333
1994-05,11.684,17.582,5.682,16.348,0.625,0.658,0.63,361.65,13.6243871
1994-06,14.144,19.932,8.288,17.021,0.743,0.632,0.635,360.81,12.0164
1994-07,14.658,20.421,8.947,17.183,0.44,0.429,0.424,359.38,9.92516129
1994-08,13.977,19.808,8.274,17.036,0.388,0.383,0.353,357.46,7.639290323
1994-09,12.516,18.335,6.821,16.498,0.468,0.397,0.398,355.73,7.1376
1994-10,10.002,15.606,4.543,15.743,0.963,0.68,0.777,356.07,8.915290323
1994-11,6.788,12.2,1.311,14.754,0.871,0.666,0.768,357.53,11.1232
1994-12,4.113,9.313,-1.102,14.036,0.544,0.108,0.288,358.98,13.27187097
1995-01,3.54,8.895,-1.769,13.945,1.443,1.161,1.305,359.92,14.5863871
1995-02,4.656,10.257,-0.879,14.388,2.208,1.958,2.068,360.86,15.22567857
1995-03,5.956,11.784,0.265,14.783,1.095,0.734,0.917,361.83,15.26016129
1995-04,8.972,14.839,3.162,15.587,0.944,0.79,0.839,363.3,14.4486
1995-05,11.57,17.301,5.758,16.279,0.645,0.576,0.579,363.69,12.97206452
1995-06,14.164,20.115,8.232,17.008,0.803,0.94,0.814,363.19,11.44043333
1995-07,15.116,20.803,9.331,17.375,0.515,0.433,0.415,361.64,8.987096774
1995-08,14.636,20.409,8.808,17.297,0.769,0.88,0.808,359.12,6.744354839
1995-09,12.565,18.382,6.921,16.58,0.677,0.626,0.603,358.17,6.080133333
1995-10,10.106,15.749,4.49,15.748,1.011,0.859,0.91,357.99,7.828935484
1995-11,6.761,12.387,1.266,14.713,0.711,0.989,0.81,359.45,10.76086667
1995-12,4.123,9.396,-1.143,13.951,0.553,0.298,0.397,360.68,12.92083871
1996-01,2.862,8.351,-2.512,13.721,0.297,0.242,0.275,362.07,14.18087097
1996-02,4.012,9.769,-1.762,14.207,0.926,1.004,0.98,363.24,15.15482759
1996-03,5.524,11.411,-0.285,14.658,0.393,0.245,0.29,364.17,15.12280645
1996-04,8.679,14.471,2.717,15.541,-0.008,0.016,0.005,364.57,14.21586667
1996-05,11.588,17.437,5.792,16.272,0.659,0.558,0.56,365.13,13.09454839
1996-06,13.681,19.405,7.854,16.847,0.445,0.204,0.269,364.92,12.08383333
1996-07,14.827,20.65,9.123,17.22,0.545,0.486,0.468,363.55,10.16425806
1996-08,14.603,20.416,8.918,17.21,0.189,0.189,0.126,361.39,8.180451613
1996-09,12.294,17.974,6.711,16.444,0.195,-0.14,-0.023,359.54,7.582533333
1996-10,9.525,15.191,3.929,15.516,0.076,-0.004,0.01,359.58,9.160967742
1996-11,6.547,11.952,1.178,14.607,0.572,0.253,0.389,360.89,10.4017
1996-12,4.325,9.82,-1.089,14.053,0.448,0.834,0.606,362.24,12.86125806
1997-01,3.165,8.588,-2.134,13.818,0.782,0.716,0.717,363.09,14.41748387
1997-02,3.766,9.456,-1.885,14.178,0.896,0.824,0.884,364.03,15.43671429
1997-03,6.012,11.808,0.19,14.873,1.166,0.905,1.029,364.51,15.46751613
1997-04,8.891,14.817,2.967,15.634,0.766,0.698,0.707,366.35,14.56303333
1997-05,11.593,17.378,5.802,16.388,0.624,0.432,0.479,366.64,13.17716129
1997-06,14.131,19.913,8.334,17.158,0.73,0.6,0.599,365.59,11.73836667
1997-07,14.565,20.26,8.825,17.307,0.482,0.424,0.396,364.31,9.41083871
1997-08,14.256,20.13,8.579,17.266,0.611,0.661,0.574,362.25,7.285032258
1997-09,12.685,18.555,6.973,16.766,0.536,0.681,0.578,360.29,6.686333333
1997-10,10.109,15.682,4.665,15.935,1.048,0.745,0.827,360.82,8.336548387
1997-11,6.841,12.195,1.503,14.952,0.721,0.39,0.549,362.49,10.68416667
1997-12,4.417,9.634,-0.737,14.291,0.732,0.373,0.534,364.38,13.07619355
1998-01,3.352,8.555,-1.776,14.063,1.105,0.387,0.727,365.27,14.72051613
1998-02,4.826,10.475,-0.768,14.611,1.925,1.684,1.804,365.98,15.74582143
1998-03,6.023,11.888,0.301,14.958,1.012,0.682,0.812,367.24,15.59809677
1998-04,9.358,15.255,3.439,15.884,1.276,1.446,1.328,368.66,14.89193333
1998-05,12.291,18.182,6.372,16.671,1.013,0.974,0.954,369.42,13.58983871
1998-06,14.521,20.404,8.778,17.289,1.188,0.976,1.033,368.99,11.7057
1998-07,15.34,20.972,9.715,17.609,1.224,1.083,1.114,367.82,9.41516129
1998-08,14.874,20.505,9.344,17.491,1.212,1.044,1.073,365.95,7.508870968
1998-09,12.673,18.336,7.152,16.657,1.075,0.776,0.886,364.02,6.536033333
1998-10,9.941,15.506,4.45,15.768,0.936,0.654,0.74,364.4,8.451870968
1998-11,6.404,11.872,1.039,14.697,0.443,0.341,0.342,365.52,10.4406
1998-12,4.669,10.083,-0.656,14.214,1.243,1.325,1.276,367.13,12.75864516
1999-01,3.544,8.877,-1.732,13.933,1.208,0.968,1.112,368.18,14.3593871
1999-02,4.694,10.4,-0.957,14.367,2.115,2.093,2.085,369.12,15.30892857
1999-03,5.53,11.4,-0.274,14.676,0.214,0.31,0.223,369.68,15.39767742
1999-04,8.838,14.807,2.931,15.572,0.952,1.129,1.014,370.99,15.0839
1999-05,11.706,17.613,5.824,16.298,0.62,0.653,0.609,370.96,13.75096774
1999-06,14.031,19.831,8.205,16.957,0.645,0.609,0.579,370.3,11.77916667
1999-07,14.853,20.578,9.24,17.218,0.757,0.623,0.64,369.45,9.488290323
1999-08,14.348,20.158,8.696,17.1,0.647,0.534,0.521,366.9,7.225580645
1999-09,12.723,18.472,7.109,16.605,0.755,0.614,0.649,364.81,6.116866667
1999-10,9.997,15.583,4.491,15.675,0.85,0.64,0.688,365.37,8.602806452
1999-11,6.592,12.121,1.107,14.673,0.808,0.897,0.811,366.72,10.79646667
1999-12,4.565,9.953,-0.692,14.13,1.483,1.527,1.432,368.1,12.64119355
2000-01,2.95,8.349,-2.322,13.773,0.849,0.558,0.647,369.29,14.22035484
2000-02,4.184,9.863,-1.371,14.266,1.657,1.489,1.566,369.55,15.14148276
2000-03,6.219,12.205,0.376,14.846,1.305,1.577,1.441,370.6,15.22483871
2000-04,9.552,15.534,3.68,15.762,1.554,1.872,1.684,371.82,14.55816667
2000-05,11.874,17.721,5.997,16.395,0.945,0.995,0.931,371.58,13.15267742
2000-06,14.06,19.847,8.243,17,0.634,0.615,0.603,371.7,11.66523333
2000-07,14.848,20.665,9.098,17.242,0.677,0.691,0.627,369.86,9.513
2000-08,14.519,20.308,8.796,17.243,0.696,0.778,0.698,368.13,7.168322581
2000-09,12.547,18.373,6.822,16.613,0.401,0.474,0.418,367,6.246066667
2000-10,9.486,15.069,4,15.588,0.354,-0.012,0.125,367.03,8.379419355
2000-11,6.312,11.67,0.996,14.632,0.202,-0.088,-0.022,368.37,10.3211
2000-12,3.863,9.182,-1.333,13.968,0.217,0.049,0.104,369.67,12.63725806
2001-01,3.336,8.827,-2.078,13.936,0.919,0.806,0.862,370.59,14.2026129
2001-02,3.72,9.486,-1.997,14.179,0.415,0.53,0.504,371.51,15.21114286
2001-03,6.208,12.131,0.411,14.982,1.399,1.389,1.398,372.46,15.51632258
2001-04,9.245,15.174,3.234,15.808,0.883,1.116,1.031,373.37,14.85683333
2001-05,12.271,18.185,6.35,16.569,1.163,1.354,1.216,373.84,13.5096129
2001-06,14.11,19.962,8.218,17.151,0.688,0.681,0.662,373.22,11.45593333
2001-07,15.161,20.923,9.428,17.45,0.869,0.898,0.858,371.5,9.070354839
2001-08,14.427,20.332,8.664,17.294,0.977,1.072,0.966,369.61,7.460806452
2001-09,12.736,18.581,7.07,16.758,0.768,0.792,0.723,368.18,6.732166667
2001-10,9.935,15.578,4.353,15.831,0.901,0.741,0.735,368.45,8.298290323
2001-11,7.319,12.89,1.92,15.011,1.708,1.763,1.63,369.76,10.65783333
2001-12,4.507,9.841,-0.685,14.241,1.131,0.872,0.916,371.24,12.49074194
2002-01,4.026,9.459,-1.322,14.258,1.893,1.596,1.746,372.53,14.2726129
2002-02,4.704,10.435,-0.948,14.505,2.228,2.207,2.213,373.2,15.34235714
2002-03,6.772,12.775,0.894,15.198,1.81,1.82,1.761,374.12,15.34890323
2002-04,9.229,15.146,3.308,15.818,0.623,0.571,0.577,375.02,14.29943333
2002-05,12.248,18.157,6.199,16.605,0.459,0.681,0.62,375.76,12.9706129
2002-06,14.084,19.912,8.184,17.11,0.891,0.884,0.892,375.52,11.5834
2002-07,15.354,21.199,9.409,17.487,0.946,1.116,1.054,374.01,9.27416129
2002-08,14.56,20.444,8.807,17.328,0.658,0.817,0.743,371.85,6.599
2002-09,12.95,18.785,7.16,16.799,0.731,0.909,0.833,370.75,5.827133333
2002-10,9.988,15.599,4.484,15.859,0.767,0.258,0.427,370.55,8.161903226
2002-11,6.892,12.48,1.389,14.856,1.087,0.955,0.976,372.25,10.34186667
2002-12,4.038,9.357,-1.189,14.127,0.433,0.033,0.281,373.79,12.60845161
2003-01,3.981,9.558,-1.481,14.207,1.507,1.567,1.559,374.88,14.39083871
2003-02,4.085,9.749,-1.48,14.359,0.957,0.665,0.823,375.64,15.19314286
2003-03,6.048,11.972,0.215,14.973,0.92,0.875,0.886,376.45,15.48490323
2003-04,9.154,15.033,3.209,15.774,0.816,0.828,0.839,377.73,14.51206667
2003-05,12.153,18.118,6.208,16.567,0.961,1.079,1.007,378.6,13.01606452
2003-06,14.017,19.77,8.222,17.104,0.685,0.542,0.593,378.28,11.60403333
2003-07,14.983,20.757,9.223,17.423,0.806,0.745,0.763,376.7,9.214774194
2003-08,14.691,20.48,8.974,17.402,1.102,1.115,1.086,374.38,6.935870968
2003-09,12.911,18.692,7.221,16.839,0.977,0.904,0.903,373.17,6.1161
2003-10,10.424,16.115,4.74,15.997,1.447,1.358,1.369,373.14,7.848290323
2003-11,6.727,12.203,1.347,14.838,0.941,0.542,0.687,374.66,10.12533333
2003-12,5.133,10.545,-0.179,14.436,1.733,1.607,1.631,375.99,12.58835484
2004-01,3.525,8.901,-1.65,14.097,1.318,0.715,1.013,377,14.02641935
2004-02,4.499,10.171,-1.182,14.488,1.628,1.487,1.574,377.87,14.91437931
2004-03,6.321,12.275,0.376,14.992,1.343,1.444,1.417,378.88,14.99258065
2004-04,9.249,15.132,3.285,15.811,0.731,0.842,0.811,380.35,13.98733333
2004-05,11.571,17.296,5.707,16.383,0.621,0.462,0.544,380.62,12.55841935
2004-06,13.889,19.66,8.035,17.006,0.545,0.403,0.45,379.69,11.44706667
2004-07,14.312,20.087,8.624,17.227,0.461,0.441,0.418,377.47,9.431354839
2004-08,14.188,20.011,8.382,17.266,0.439,0.442,0.406,376.01,6.85483871
2004-09,12.642,18.451,6.907,16.745,0.665,0.636,0.638,374.25,5.9845
2004-10,10.127,15.843,4.511,15.889,0.908,0.744,0.8,374.46,7.925290323
2004-11,7.315,12.796,1.91,15.022,1.676,1.429,1.511,376.16,10.34326667
2004-12,4.257,9.593,-0.932,14.161,0.505,0.185,0.307,377.51,12.55358065
2005-01,3.808,9.026,-1.377,14.159,1.651,0.803,1.246,378.46,13.66145161
2005-02,3.92,9.508,-1.534,14.293,1.107,0.337,0.725,379.73,14.37285714
2005-03,6.544,12.316,0.813,15.106,1.687,1.258,1.484,380.77,14.6866129
2005-04,9.618,15.551,3.697,15.978,1.421,1.466,1.41,382.29,14.08983333
2005-05,12.226,17.995,6.392,16.629,1.136,0.955,1.017,382.45,12.91109677
2005-06,14.476,20.104,8.863,17.248,1.272,0.81,0.984,382.21,11.16203333
2005-07,15.19,20.88,9.569,17.503,1.129,0.857,0.948,380.74,8.648741935
2005-08,14.51,20.25,8.934,17.375,0.904,0.632,0.715,378.74,6.301129032
2005-09,13.217,19.11,7.412,16.903,1.18,1.406,1.242,376.7,5.503766667
2005-10,10.601,16.235,5.004,16.025,1.475,1.248,1.369,377,7.351967742
2005-11,7.423,12.944,1.988,15.005,1.811,1.618,1.679,378.35,10.21633333
2005-12,4.878,10.279,-0.395,14.327,1.374,1.16,1.236,380.11,12.2276129
2006-01,3.286,8.617,-1.942,13.99,0.912,0.407,0.638,381.38,13.46558065
2006-02,4.43,10.124,-1.229,14.435,1.58,1.43,1.49,382.2,14.32496429
2006-03,6.329,12.239,0.56,14.966,1.369,1.382,1.365,382.67,14.42096774
2006-04,9.055,15.004,3.081,15.729,0.776,0.966,0.876,384.61,13.90586667
2006-05,11.786,17.65,5.791,16.463,1.09,1.059,1.042,385.03,12.51735484
2006-06,14.443,20.317,8.53,17.216,1.186,1.343,1.245,384.05,10.9195
2006-07,15.042,20.905,9.288,17.419,0.895,0.949,0.904,382.46,8.45983871
2006-08,14.913,20.79,9.147,17.479,0.965,0.96,0.929,380.41,6.495612903
2006-09,12.875,18.779,7.081,16.792,0.899,1.069,0.97,378.85,5.862433333
2006-10,10.289,15.925,4.796,15.935,1.35,1.02,1.171,379.13,7.541096774
2006-11,6.955,12.448,1.518,14.931,1.087,0.805,0.914,380.18,9.658733333
2006-12,4.987,10.346,-0.243,14.407,1.873,1.569,1.71,381.82,11.95467742
2007-01,4.579,10.084,-0.818,14.417,2.554,2.449,2.51,382.89,13.70303226
2007-02,4.221,10.039,-1.503,14.408,1.252,1.189,1.212,383.9,14.51325
2007-03,6.485,12.483,0.517,15.017,1.328,1.375,1.314,384.58,14.54209677
2007-04,9.823,15.807,3.88,15.93,1.675,1.708,1.655,386.5,13.8452
2007-05,12.518,18.395,6.568,16.629,1.168,1.23,1.151,386.56,12.77967742
2007-06,14.309,20.223,8.37,17.168,0.927,0.945,0.895,386.1,11.22006667
2007-07,15.23,21.108,9.482,17.485,1.017,0.932,0.923,384.5,7.94283871
2007-08,14.752,20.641,9.032,17.339,1.142,1.125,1.067,381.99,5.342322581
2007-09,12.93,18.838,7.18,16.737,0.873,0.865,0.851,380.96,4.267266667
2007-10,10.332,16.134,4.609,15.867,1.137,1.162,1.135,381.12,6.039709677
2007-11,7.084,12.772,1.478,14.821,1.101,1.339,1.159,382.45,9.760166667
2007-12,4.523,9.873,-0.684,14.11,1.313,0.986,1.112,383.94,12.03396774
2008-01,2.844,8.155,-2.383,13.719,0.432,-0.067,0.219,385.52,13.88725806
2008-02,3.576,9.351,-2.106,14.061,0.637,0.706,0.685,385.82,14.95344828
2008-03,6.906,12.992,0.879,15.077,1.995,2.465,2.195,386.03,15.17890323
2008-04,9.295,15.42,3.175,15.735,0.814,1.183,0.983,387.09,14.35193333
2008-05,12.054,17.989,6.053,16.497,0.911,0.952,0.894,388.54,12.974
2008-06,14.145,19.973,8.266,17.077,0.902,0.946,0.902,387.76,11.20833333
2008-07,15.174,21.006,9.407,17.449,0.866,0.79,0.768,386.36,8.677935484
2008-08,14.377,20.176,8.594,17.282,0.836,0.827,0.767,384.09,5.913064516
2008-09,12.802,18.629,7.116,16.757,0.791,0.488,0.614,383.19,4.687433333
2008-10,10.399,16.038,4.847,15.931,1.426,1.115,1.24,382.99,7.349870968
2008-11,7.224,12.738,1.796,14.919,1.553,1.43,1.436,384.19,10.34286667
2008-12,4.385,9.834,-0.946,14.151,0.815,0.807,0.76,385.56,12.35848387
2009-01,3.687,9.176,-1.756,14.091,1.328,1.242,1.253,386.94,13.91370968
2009-02,4.094,9.822,-1.545,14.267,1.269,1.14,1.192,387.48,14.81153571
2009-03,6.086,12.065,0.132,14.873,0.948,0.937,0.907,388.82,14.9836129
2009-04,9.367,15.377,3.32,15.819,1.007,1.2,1.092,389.55,14.49563333
2009-05,12.112,18.01,6.141,16.571,0.663,0.775,0.694,390.14,13.18670968
2009-06,14.201,20.056,8.3,17.26,0.779,0.794,0.77,389.48,11.32026667
2009-07,15.231,21.085,9.456,17.578,0.685,0.813,0.744,388.03,8.465451613
2009-08,14.655,20.577,8.855,17.427,0.72,0.866,0.752,386.11,6.135741935
2009-09,13.153,19.006,7.397,16.864,1.228,1.311,1.24,384.74,5.261633333
2009-10,10.136,15.79,4.563,15.91,1.083,0.754,0.895,384.43,6.920322581
2009-11,7.031,12.574,1.64,14.968,1.053,0.802,0.879,386.02,9.771733333
2009-12,4.31,9.661,-0.94,14.298,0.679,0.38,0.483,387.42,12.19987097
2010-01,3.737,9.245,-1.677,14.208,1.185,1.093,1.119,388.71,13.73906452
2010-02,4.399,10.034,-1.107,14.517,1.498,1.046,1.242,390.2,14.58142857
2010-03,6.738,12.669,0.796,15.223,1.676,1.732,1.671,391.17,15.13670968
2010-04,9.671,15.616,3.759,16.039,1.584,1.693,1.626,392.46,14.65873333
2010-05,12.406,18.173,6.524,16.732,1.381,1.255,1.301,393,12.86609677
2010-06,14.421,20.252,8.489,17.271,1.257,1.286,1.25,392.15,10.5851
2010-07,15.213,20.97,9.551,17.532,1.406,1.279,1.257,390.2,8.074677419
2010-08,14.768,20.656,8.984,17.412,1.318,1.326,1.258,388.35,5.874903226
2010-09,12.863,18.603,7.252,16.761,1.037,0.828,0.884,386.85,4.865066667
2010-10,10.442,16.115,4.905,15.939,1.534,1.242,1.324,387.24,6.983903226
2010-11,7.487,13.168,1.95,14.995,2.057,2.181,2.026,388.67,9.613966667
2010-12,4.292,9.887,-1.139,14.117,0.571,0.847,0.637,389.79,11.83083871
2011-01,3.282,8.722,-2.034,13.928,0.804,0.576,0.702,391.33,13.46396774
2011-02,3.743,9.435,-1.906,14.193,0.705,0.578,0.623,391.86,14.36303571
2011-03,6.101,11.963,0.314,14.88,1.285,1.174,1.163,392.6,14.54651613
2011-04,9.483,15.45,3.524,15.832,1.303,1.398,1.336,393.25,14.1078
2011-05,11.986,17.917,6.023,16.523,0.919,1.077,0.969,394.19,12.68077419
2011-06,14.37,20.231,8.48,17.203,1.283,1.12,1.161,393.74,10.74866667
2011-07,15.482,21.32,9.684,17.568,1.122,1.207,1.095,392.51,7.724387097
2011-08,15.012,20.922,9.208,17.475,1.07,1.154,1.039,390.13,5.502451613
2011-09,12.912,18.89,6.998,16.762,0.927,1.144,1.028,389.08,4.561333333
2011-10,10.352,16.075,4.85,15.873,1.485,1.266,1.331,388.99,6.464548387
2011-11,6.814,12.395,1.432,14.799,0.892,0.66,0.679,390.28,9.7718
2011-12,4.655,10.098,-0.641,14.198,1.332,1.177,1.193,391.86,12.15358065
2012-01,3.157,8.691,-2.233,13.859,0.818,0.648,0.671,393.12,13.72941935
2012-02,3.628,9.379,-2.067,14.164,0.665,0.41,0.491,393.86,14.55334483
2012-03,6.023,12.025,0.075,14.863,0.91,1.01,0.923,394.4,15.19625806
2012-04,9.676,15.679,3.689,15.881,1.726,1.771,1.746,396.18,14.62576667
2012-05,12.59,18.611,6.461,16.699,1.416,1.713,1.551,396.74,13.01180645
2012-06,14.492,20.43,8.505,17.252,1.456,1.572,1.527,395.71,10.67453333
2012-07,15.076,21.006,9.229,17.45,1.258,1.353,1.279,394.36,7.671774194
2012-08,14.72,20.709,8.84,17.42,0.942,1.135,1.004,392.39,4.723290323
2012-09,13.04,19.074,7.176,16.882,0.988,1.302,1.096,391.13,3.5656
2012-10,10.428,16.203,4.765,16.019,1.132,0.986,1.03,391.05,5.885870968
2012-11,7.156,12.689,1.796,15.001,1.349,1.021,1.113,392.98,9.387966667
2012-12,4.102,9.498,-1.162,14.138,0.158,-0.055,-0.008,394.34,12.0063871
2013-01,3.685,9.255,-1.726,14.117,1.102,1.018,1.056,395.55,13.70264516
2013-02,4.222,9.95,-1.472,14.359,1.394,1.143,1.246,396.8,14.72353571
2013-03,6.261,12.328,0.174,14.952,0.957,1.415,1.17,397.43,15.03203226
2013-04,9.044,15.084,3.055,15.749,0.799,0.833,0.804,398.41,14.29873333
2013-05,12.195,18.107,6.263,16.609,1.076,1.252,1.14,399.78,12.99725806
2013-06,14.568,20.44,8.685,17.257,1.052,1.15,1.099,398.6,11.36013333
2013-07,15.003,20.737,9.33,17.503,0.836,0.771,0.771,397.32,8.131677419
2013-08,14.742,20.596,9.014,17.462,0.941,0.827,0.868,395.2,6.013516129
2013-09,13.154,18.947,7.482,16.894,0.923,0.68,0.749,393.45,5.208266667
2013-10,10.256,15.994,4.663,15.905,1.111,0.907,0.964,393.7,7.45483871
2013-11,7.424,12.965,2.016,15.107,1.765,1.55,1.602,395.16,9.939033333
2013-12,4.724,10.083,-0.548,14.339,1.203,0.979,1.007,396.84,12.18425806
2014-01,3.732,9.327,-1.755,14.136,1.204,1.319,1.256,397.85,13.64748387
2014-02,3.5,9.146,-2.08,14.157,0.54,0.276,0.401,398.01,14.41757143
2014-03,6.378,12.367,0.436,15.09,1.613,1.757,1.672,399.71,14.75751613
2014-04,9.589,15.529,3.617,16.038,1.375,1.611,1.534,401.33,14.08786667
2014-05,12.582,18.362,6.613,16.804,1.081,1.11,1.118,401.78,12.70070968
2014-06,14.335,20.126,8.473,17.303,1.007,0.942,0.981,401.25,11.0326
2014-07,14.873,20.711,9.112,17.508,0.771,0.797,0.793,399.11,8.108451613
2014-08,14.875,20.79,9.047,17.607,0.975,1.126,0.984,397.03,6.077870968
2014-09,13.091,18.865,7.399,16.975,0.851,0.718,0.731,395.38,5.219933333
2014-10,10.33,16.066,4.689,16.029,1.068,0.837,0.905,396.07,7.232451613
2014-11,6.713,12.284,1.313,14.899,0.765,0.584,0.614,397.28,10.1146
2014-12,4.85,10.19,-0.331,14.41,1.687,1.287,1.458,398.91,12.35258065
2015-01,3.881,9.432,-1.518,14.255,1.711,1.633,1.654,399.98,13.60232258
2015-02,4.664,10.497,-1.138,14.564,1.704,1.718,1.7,400.35,14.40064286
2015-03,6.74,12.659,0.894,15.193,1.937,1.795,1.866,401.52,14.37051613
2015-04,9.313,15.224,3.402,15.962,1.123,1.239,1.188,403.15,13.89316667
2015-05,12.312,18.181,6.313,16.774,1.255,1.437,1.364,403.96,12.46809677
2015-06,14.505,20.364,8.627,17.39,1.226,1.274,1.265,402.8,10.8789
2015-07,15.051,20.904,9.326,17.611,0.927,1.022,0.976,401.29,8.377870968
2015-08,14.755,20.699,9.005,17.589,1.055,1.199,1.112,398.93,5.598741935
2015-09,12.999,18.845,7.199,17.049,1.284,1.257,1.25,397.63,4.615766667
2015-10,10.801,16.45,5.232,16.29,1.549,1.168,1.352,398.29,6.966225806
2015-11,7.433,12.892,2.157,15.252,1.753,1.194,1.44,400.16,9.846166667
2015-12,5.518,10.725,0.287,14.774,2.355,1.733,2.023,401.85,12.04477419
2016-01,,,,,2.052,1.716,1.915,402.5,13.45677419
2016-02,,,,,2.72,2.805,2.759,404.07,14.20272414
2016-03,,,,,2.97,2.725,2.877,404.87,14.39993548
2016-04,,,,,2.073,2.085,2.115,407.42,13.68126667
2016-05,,,,,1.371,1.249,1.366,407.72,11.92441935
2016-06,,,,,1.363,1.428,1.411,406.81,10.4129
2016-07,,,,,1.313,1.137,1.206,404.4,7.937548387
2016-08,,,,,1.321,1.395,1.376,402.26,5.370548387
2016-09,,,,,1.523,1.554,1.53,401.05,4.5285
2016-10,,,,,1.217,0.637,0.941,401.6,6.081645161
2016-11,,,,,1.13,1.022,1.085,403.53,8.657833333
2016-12,,,,,1.298,1.155,1.22,404.44,11.45941935
2017-01,,,,,1.959,1.776,1.911,406.17,13.19012903
2017-02,,,,,2.277,2.079,2.18,406.47,14.11942857
2017-03,,,,,2.371,2.275,2.335,407.23,14.29006452
2017-04,,,,,1.531,1.49,1.561,409.03,13.75346667
2017-05,,,,,1.14,1.186,1.206,409.69,12.63045161
2017-06,,,,,1.104,1.11,1.117,408.89,10.7564
2017-07,,,,,1.015,1.105,1.069,407.13,7.939354839
2017-08,,,,,1.181,1.218,1.152,405.12,5.480645161
2017-09,,,,,1.17,1.104,1.127,403.37,4.8219
2017-10,,,,,1.221,1.041,1.123,403.63,6.767129032
2017-11,,,,,1.296,1.194,1.243,405.12,9.492833333
2017-12,,,,,1.842,1.668,1.743,406.81,11.74267742
2018-01,,,,,1.318,1.191,1.271,407.96,13.07735484
2018-02,,,,,1.371,1.388,1.38,408.32,13.96725
2018-03,,,,,1.484,1.811,1.722,409.39,14.29758065
2018-04,,,,,0.896,1.293,1.116,410.25,13.69606667
2018-05,,,,,0.993,1.275,1.176,411.24,12.23203226
2018-06,,,,,1.149,1.137,1.118,410.79,10.7775
2018-07,,,,,1.212,1.195,1.208,408.7,8.268096774
2018-08,,,,,1.062,1.071,1.049,406.97,5.614806452
2018-09,,,,,1.078,0.931,0.976,405.52,4.785233333
2018-10,,,,,1.502,1.189,1.332,406,6.134096774
2018-11,,,,,1.18,0.68,0.877,408.02,9.823133333
2018-12,,,,,1.325,0.853,1.099,409.08,11.86148387
2019-01,,,,,,1.492,1.553,410.83,13.56722581
2019-02,,,,,,0.971,1.205,411.75,14.39367857
2019-03,,,,,,2.187,2.209,411.97,14.57364516
2019-04,,,,,,1.626,1.624,413.33,13.43443333
2019-05,,,,,,1.11,1.111,414.64,12.18590323
2019-06,,,,,,1.364,1.333,413.93,10.5936
2019-07,,,,,,,1.09,411.74,7.589322581
2019-08,,,,,,,1.134,409.95,5.026322581
2019-09,,,,,,,1.364,408.54,4.3639
2019-10,,,,,,,1.437,408.52,5.734903226
2019-11,,,,,,,1.137,410.25,9.352833333
2019-12,,,,,,,1.746,411.76,11.90309677
2020-01,,,,,,,2.398,413.39,13.64887097
2020-02,,,,,,,2.651,414.11,14.685
2020-03,,,,,,,2.413,414.51,14.77729032
2020-04,,,,,,,1.726,416.21,13.7311
2020-05,,,,,,,1.559,417.07,12.36041935
2020-06,,,,,,,1.28,416.38,10.57736667
2020-07,,,,,,,,414.38,7.278774194
2020-08,,,,,,,,412.55,5.084645161
2020-09,,,,,,,,411.29,3.924433333
2020-10,,,,,,,,411.28,5.28483871
,,,,,,,,,8.358266667